airline,origin_airport,destination_airport,aircraft_type,departure_hour,day_of_week,flight_duration_minutes,status,is_delayed,route,is_weekend,is_peak_hour,duration_category
PD,MTY,BJR,B777,16.0,6.0,240.0,Delayed,1,MTY_BJR,1,0,medium
TS,SFO,ZQN,A350,6.0,6.0,300.0,On Time,0,SFO_ZQN,1,0,long
IC,AYP,SHC,B737,6.0,6.0,315.0,Cancelled,1,AYP_SHC,1,0,long
MH,MTY,OUD,A320,6.0,6.0,360.0,On Time,0,MTY_OUD,1,0,long
VY,PER,BOM,B787,12.0,6.0,165.0,On Time,0,PER_BOM,1,0,medium
MS,YYC,HIJ,A320,9.0,6.0,150.0,Cancelled,1,YYC_HIJ,1,1,medium
EK,IVC,WCA,B777,7.0,6.0,90.0,Cancelled,1,IVC_WCA,1,1,short
MP,CAI,CYI,A350,11.0,6.0,255.0,Cancelled,1,CAI_CYI,1,0,long
BR,BLR,NJF,B737,6.0,6.0,165.0,On Time,0,BLR_NJF,1,0,medium
W5,YOW,IPC,B787,17.0,6.0,195.0,Scheduled,0,YOW_IPC,1,1,medium
PC,BJV,LIS,B787,8.0,6.0,135.0,On Time,0,BJV_LIS,1,1,medium
PD,HBA,TNN,B787,23.0,6.0,120.0,Delayed,1,HBA_TNN,1,0,short
G4,JUL,MAA,B737,12.0,6.0,60.0,Delayed,1,JUL_MAA,1,0,short
RJ,GAE,WJU,A350,10.0,6.0,90.0,Cancelled,1,GAE_WJU,1,0,short
TD,ENU,BJR,A320,9.0,6.0,225.0,Cancelled,1,ENU_BJR,1,1,medium
JU,ERH,SFO,A350,7.0,6.0,150.0,Cancelled,1,ERH_SFO,1,1,medium
UU,ADL,EJA,B787,9.0,6.0,105.0,Delayed,1,ADL_EJA,1,1,short
AA,OUD,JUJ,B787,19.0,6.0,300.0,On Time,0,OUD_JUJ,1,1,long
TT,LIS,TTT,B777,14.0,6.0,270.0,Delayed,1,LIS_TTT,1,0,long
BL,GNI,TZX,B787,12.0,6.0,75.0,Cancelled,1,GNI_TZX,1,0,short
WN,MLX,ESB,B787,22.0,6.0,375.0,Delayed,1,MLX_ESB,1,0,long
B6,YEG,BRC,B777,22.0,6.0,105.0,Cancelled,1,YEG_BRC,1,0,short
UA,JOS,MDE,B777,6.0,6.0,180.0,Delayed,1,JOS_MDE,1,0,medium
TS,MTZ,ETM,A350,8.0,6.0,195.0,Cancelled,1,MTZ_ETM,1,1,medium
U2,BJR,MUC,A320,0.0,0.0,60.0,On Time,0,BJR_MUC,1,0,short
HC,CDG,CZM,A350,12.0,6.0,105.0,On Time,0,CDG_CZM,1,0,short
OZ,TAE,AUH,B737,11.0,6.0,75.0,Delayed,1,TAE_AUH,1,0,short
SB,TAE,SSA,B737,18.0,6.0,270.0,Scheduled,0,TAE_SSA,1,1,long
WF,LSC,SHC,A320,22.0,6.0,60.0,Scheduled,0,LSC_SHC,1,0,short
FJ,ASW,TRU,A350,8.0,6.0,105.0,Delayed,1,ASW_TRU,1,1,short
OZ,EBL,MZG,B787,8.0,6.0,210.0,On Time,0,EBL_MZG,1,1,medium
ZX,MLX,CTG,B737,9.0,6.0,405.0,Delayed,1,MLX_CTG,1,1,long
NK,CJC,NRT,B787,9.0,6.0,345.0,Delayed,1,CJC_NRT,1,1,long
AC,SAW,HBA,B737,21.0,6.0,390.0,Cancelled,1,SAW_HBA,1,0,long
BA,PRG,LAX,B787,10.0,6.0,75.0,On Time,0,PRG_LAX,1,0,short
LH,GDQ,PNQ,A320,14.0,6.0,60.0,Cancelled,1,GDQ_PNQ,1,0,short
KQ,KSW,DWC,B737,20.0,6.0,390.0,Cancelled,1,KSW_DWC,1,0,long
LO,DMK,EBM,A320,14.0,6.0,255.0,Scheduled,0,DMK_EBM,1,0,long
NK,HBA,MEX,A320,18.0,6.0,105.0,Delayed,1,HBA_MEX,1,1,short
LX,CGY,VIE,A320,0.0,0.0,375.0,Delayed,1,CGY_VIE,1,0,long
ME,CWB,BFN,A320,21.0,6.0,210.0,Scheduled,0,CWB_BFN,1,0,medium
P5,SZX,MAA,A320,15.0,6.0,375.0,Scheduled,0,SZX_MAA,1,0,long
FR,ATL,CLO,B787,23.0,6.0,300.0,Cancelled,1,ATL_CLO,1,0,long
SJ,ZAL,CRK,A320,8.0,6.0,60.0,Scheduled,0,ZAL_CRK,1,1,short
QZ,TRU,BSB,B777,0.0,0.0,390.0,On Time,0,TRU_BSB,1,0,long
XG,YNY,OOL,B737,13.0,6.0,330.0,Scheduled,0,YNY_OOL,1,0,long
WF,TAB,EIL,A320,23.0,6.0,390.0,Delayed,1,TAB_EIL,1,0,long
U2,ARN,CUN,B787,23.0,6.0,405.0,Cancelled,1,ARN_CUN,1,0,long
AD,BSB,TAB,A320,12.0,6.0,405.0,Delayed,1,BSB_TAB,1,0,long
F9,AMD,MED,B737,15.0,6.0,165.0,On Time,0,AMD_MED,1,0,medium
IX,COR,BJX,A320,19.0,6.0,135.0,Cancelled,1,COR_BJX,1,1,medium
XG,ABV,WCA,B737,20.0,6.0,225.0,Scheduled,0,ABV_WCA,1,0,medium
SB,KZN,GIG,A350,7.0,6.0,390.0,Delayed,1,KZN_GIG,1,1,long
WS,RUH,DMK,B737,15.0,6.0,180.0,Cancelled,1,RUH_DMK,1,0,medium
NH,LHR,EMY,B787,22.0,6.0,150.0,Scheduled,0,LHR_EMY,1,0,medium
MS,ROV,BCD,B787,6.0,6.0,360.0,Delayed,1,ROV_BCD,1,0,long
SB,OSM,CUE,A350,7.0,6.0,210.0,Cancelled,1,OSM_CUE,1,1,medium
6E,DEN,GDQ,A320,9.0,6.0,405.0,Cancelled,1,DEN_GDQ,1,1,long
TT,ASW,GMP,A350,8.0,6.0,315.0,Scheduled,0,ASW_GMP,1,1,long
AR,EUN,IVC,A350,14.0,6.0,390.0,Cancelled,1,EUN_IVC,1,0,long
UK,DME,OGL,A320,13.0,6.0,135.0,Delayed,1,DME_OGL,1,0,medium
NH,EMY,IGR,A320,11.0,6.0,255.0,On Time,0,EMY_IGR,1,0,long
SB,AWA,HIJ,B777,8.0,6.0,180.0,Scheduled,0,AWA_HIJ,1,1,medium
JJ,CUZ,PYO,B777,18.0,6.0,390.0,On Time,0,CUZ_PYO,1,1,long
UU,XMN,KMG,A320,19.0,6.0,240.0,On Time,0,XMN_KMG,1,1,medium
SY,BJV,SLL,B777,18.0,6.0,120.0,Cancelled,1,BJV_SLL,1,1,short
RJ,GZT,RMQ,B777,11.0,6.0,405.0,On Time,0,GZT_RMQ,1,0,long
CI,CWB,DME,B787,8.0,6.0,210.0,Delayed,1,CWB_DME,1,1,medium
KQ,GRU,PHC,B777,21.0,6.0,120.0,Delayed,1,GRU_PHC,1,0,short
TS,COK,TCP,A320,16.0,6.0,135.0,Cancelled,1,COK_TCP,1,0,medium
TS,EMY,MED,B737,11.0,6.0,270.0,Scheduled,0,EMY_MED,1,0,long
AY,TPE,JFK,B777,14.0,6.0,270.0,On Time,0,TPE_JFK,1,0,long
ET,YQB,YEG,A350,16.0,6.0,195.0,On Time,0,YQB_YEG,1,0,medium
RO,IQT,HDS,B787,13.0,6.0,75.0,On Time,0,IQT_HDS,1,0,short
VJ,VIE,MLX,A350,18.0,6.0,375.0,Cancelled,1,VIE_MLX,1,1,long
KE,PRG,MTY,B777,19.0,6.0,360.0,Scheduled,0,PRG_MTY,1,1,long
OZ,IAD,EMY,A350,0.0,0.0,285.0,Delayed,1,IAD_EMY,1,0,long
LP,SSH,NQN,A350,22.0,6.0,300.0,Delayed,1,SSH_NQN,1,0,long
OZ,BFN,LXR,B777,9.0,6.0,90.0,Cancelled,1,BFN_LXR,1,1,short
SQ,HRG,BNE,A320,14.0,6.0,390.0,Scheduled,0,HRG_BNE,1,0,long
NZ,ZQN,LIM,B787,15.0,6.0,285.0,Delayed,1,ZQN_LIM,1,0,long
PX,EUN,AMM,B787,13.0,6.0,300.0,On Time,0,EUN_AMM,1,0,long
OZ,BKK,TNG,B787,8.0,6.0,150.0,Delayed,1,BKK_TNG,1,1,medium
AS,CNS,TUN,B737,9.0,6.0,240.0,Cancelled,1,CNS_TUN,1,1,medium
DJ,DUD,TZX,B787,8.0,6.0,315.0,Scheduled,0,DUD_TZX,1,1,long
F8,CLT,RPN,B777,6.0,6.0,225.0,Cancelled,1,CLT_RPN,1,0,medium
JL,SSH,BRU,B777,7.0,6.0,195.0,On Time,0,SSH_BRU,1,1,medium
PK,DEL,BUD,A320,9.0,6.0,390.0,On Time,0,DEL_BUD,1,1,long
TP,MFK,AGA,A350,13.0,6.0,240.0,Cancelled,1,MFK_AGA,1,0,medium
IB,TLV,DME,B787,14.0,6.0,375.0,Scheduled,0,TLV_DME,1,0,long
FZ,TUU,IAD,A350,16.0,6.0,165.0,Delayed,1,TUU_IAD,1,0,medium
EK,SHC,PHC,B777,21.0,6.0,225.0,Scheduled,0,SHC_PHC,1,0,medium
SQ,OVB,COR,A320,20.0,6.0,150.0,Delayed,1,OVB_COR,1,0,medium
OZ,LOS,PPS,B777,16.0,6.0,135.0,Delayed,1,LOS_PPS,1,0,medium
BT,BCD,CAI,B787,14.0,6.0,165.0,Scheduled,0,BCD_CAI,1,0,medium
DT,HTY,TNG,B787,21.0,6.0,270.0,On Time,0,HTY_TNG,1,0,long
KQ,CJC,YYC,B777,11.0,6.0,195.0,Scheduled,0,CJC_YYC,1,0,medium
FZ,YHZ,SAW,A350,0.0,0.0,225.0,Delayed,1,YHZ_SAW,1,0,medium
CX,NDR,HGH,B737,18.0,6.0,360.0,Scheduled,0,NDR_HGH,1,1,long
NZ,FRA,ICN,B777,9.0,6.0,75.0,Cancelled,1,FRA_ICN,1,1,short
UA,ADD,GPS,B737,15.0,6.0,210.0,On Time,0,ADD_GPS,1,0,medium
JJ,ADD,CWB,A320,22.0,6.0,285.0,Delayed,1,ADD_CWB,1,0,long
NK,MTY,DXB,A350,11.0,6.0,195.0,Cancelled,1,MTY_DXB,1,0,medium
ZX,DEN,HND,B787,15.0,6.0,210.0,Cancelled,1,DEN_HND,1,0,medium
NZ,YNY,IQT,B737,17.0,6.0,135.0,Scheduled,0,YNY_IQT,1,1,medium
PD,ELG,REC,B777,21.0,6.0,75.0,Cancelled,1,ELG_REC,1,0,short
SQ,ORD,JFK,B737,22.0,6.0,120.0,On Time,0,ORD_JFK,1,0,short
AC,MUC,RMF,B787,18.0,6.0,105.0,On Time,0,MUC_RMF,1,1,short
AZ,ORD,MAA,A320,20.0,6.0,285.0,Cancelled,1,ORD_MAA,1,0,long
PK,MTY,CZM,B777,12.0,6.0,60.0,Scheduled,0,MTY_CZM,1,0,short
AS,OVB,DUD,B787,10.0,6.0,135.0,Cancelled,1,OVB_DUD,1,0,medium
AS,JNB,TCP,B777,12.0,6.0,345.0,Scheduled,0,JNB_TCP,1,0,long
KL,LIS,PVG,B787,23.0,6.0,165.0,Cancelled,1,LIS_PVG,1,0,medium
NK,MLX,TCQ,B777,21.0,6.0,210.0,On Time,0,MLX_TCQ,1,0,medium
6E,DTW,BFN,B737,11.0,6.0,180.0,On Time,0,DTW_BFN,1,0,medium
OS,MUH,YWG,B787,15.0,6.0,195.0,Cancelled,1,MUH_YWG,1,0,medium
IX,TUN,AMD,B787,11.0,6.0,180.0,Scheduled,0,TUN_AMD,1,0,medium
DJ,KWJ,RMF,B737,15.0,6.0,120.0,On Time,0,KWJ_RMF,1,0,short
PC,PIU,EBL,B787,18.0,6.0,105.0,Delayed,1,PIU_EBL,1,1,short
ET,GRJ,ATF,B787,9.0,6.0,120.0,On Time,0,GRJ_ATF,1,1,short
PC,TCQ,CAI,A350,10.0,6.0,105.0,On Time,0,TCQ_CAI,1,0,short
WS,BSR,SVO,A320,22.0,6.0,180.0,On Time,0,BSR_SVO,1,0,medium
G4,BGA,ETM,B777,16.0,6.0,390.0,Delayed,1,BGA_ETM,1,0,long
DJ,AYP,HFA,B777,13.0,6.0,135.0,On Time,0,AYP_HFA,1,0,medium
OS,RMF,IGR,B737,23.0,6.0,120.0,Cancelled,1,RMF_IGR,1,0,short
KQ,TNG,GMP,B777,15.0,6.0,210.0,On Time,0,TNG_GMP,1,0,medium
TD,CNF,FEZ,B737,16.0,6.0,90.0,Scheduled,0,CNF_FEZ,1,0,short
KL,CHM,MUH,B737,19.0,6.0,390.0,Cancelled,1,CHM_MUH,1,1,long
TK,PEK,IBA,B737,15.0,6.0,375.0,On Time,0,PEK_IBA,1,0,long
SJ,CUN,IPC,B777,0.0,0.0,150.0,On Time,0,CUN_IPC,1,0,medium
ME,CRK,MED,A350,22.0,6.0,75.0,Scheduled,0,CRK_MED,1,0,short
AS,PUQ,OUD,B737,7.0,6.0,135.0,Delayed,1,PUQ_OUD,1,1,medium
IR,DFW,WCA,A320,6.0,6.0,225.0,On Time,0,DFW_WCA,1,0,medium
NH,TUU,KRR,B737,16.0,6.0,375.0,Scheduled,0,TUU_KRR,1,0,long
G4,AEP,NQN,B777,19.0,6.0,390.0,Delayed,1,AEP_NQN,1,1,long
UK,NBE,CMN,A320,18.0,6.0,255.0,On Time,0,NBE_CMN,1,1,long
SQ,EZE,CGH,B787,15.0,6.0,255.0,Scheduled,0,EZE_CGH,1,0,long
SJ,OSM,BEV,B737,21.0,6.0,330.0,Cancelled,1,OSM_BEV,1,0,long
QR,PHX,DUR,B737,17.0,6.0,255.0,Cancelled,1,PHX_DUR,1,1,long
TP,TAE,JRS,B737,6.0,6.0,180.0,Delayed,1,TAE_JRS,1,0,medium
DJ,PHC,AHB,A320,20.0,6.0,345.0,Cancelled,1,PHC_AHB,1,0,long
ET,FTE,SLL,A350,23.0,6.0,120.0,Cancelled,1,FTE_SLL,1,0,short
VJ,YVR,RAK,B737,22.0,6.0,120.0,On Time,0,YVR_RAK,1,0,short
OK,HEL,NKG,B777,17.0,6.0,405.0,Delayed,1,HEL_NKG,1,1,long
VJ,PHC,GZT,B737,19.0,6.0,90.0,Scheduled,0,PHC_GZT,1,1,short
DT,SYD,SFO,A320,20.0,6.0,315.0,Cancelled,1,SYD_SFO,1,0,long
VA,FRA,FTE,B737,21.0,6.0,75.0,Delayed,1,FRA_FTE,1,0,short
SA,KMG,TTU,B777,0.0,0.0,300.0,Scheduled,0,KMG_TTU,1,0,long
TP,LSC,NQN,B777,14.0,6.0,180.0,Cancelled,1,LSC_NQN,1,0,medium
MS,CPT,CNF,B777,22.0,6.0,390.0,Scheduled,0,CPT_CNF,1,0,long
AT,DRW,EBL,B737,19.0,6.0,135.0,Cancelled,1,DRW_EBL,1,1,medium
LX,OTP,TTT,B787,9.0,6.0,240.0,Cancelled,1,OTP_TTT,1,1,medium
SB,ENU,SCL,B777,18.0,6.0,75.0,Scheduled,0,ENU_SCL,1,1,short
VY,BGW,IST,B787,18.0,6.0,210.0,On Time,0,BGW_IST,1,1,medium
HV,CJC,SFO,B737,11.0,6.0,180.0,Cancelled,1,CJC_SFO,1,0,medium
SV,USN,HBA,A350,0.0,0.0,135.0,On Time,0,USN_HBA,1,0,medium
PD,WLG,MTZ,A320,15.0,6.0,105.0,On Time,0,WLG_MTZ,1,0,short
NH,DJE,NPL,B787,20.0,6.0,60.0,Delayed,1,DJE_NPL,1,0,short
IR,AQP,RAK,A350,17.0,6.0,165.0,Scheduled,0,AQP_RAK,1,1,medium
BT,TSN,DEN,A350,6.0,6.0,180.0,Scheduled,0,TSN_DEN,1,0,medium
WF,RSU,VOG,B787,16.0,6.0,90.0,Cancelled,1,RSU_VOG,1,0,short
SK,ABV,EUN,B777,0.0,0.0,240.0,Scheduled,0,ABV_EUN,1,0,medium
RJ,GRU,CUC,B777,0.0,0.0,60.0,Cancelled,1,GRU_CUC,1,0,short
WJ,JFK,UIO,B777,21.0,6.0,375.0,Cancelled,1,JFK_UIO,1,0,long
AS,KAN,LAS,A320,23.0,6.0,405.0,On Time,0,KAN_LAS,1,0,long
VY,SSH,AEP,A350,19.0,6.0,405.0,On Time,0,SSH_AEP,1,1,long
GA,AGA,ADZ,B787,15.0,6.0,255.0,Cancelled,1,AGA_ADZ,1,0,long
ZX,TOE,WJU,B737,20.0,6.0,90.0,Delayed,1,TOE_WJU,1,0,short
SY,EWR,HYD,B737,20.0,6.0,60.0,Delayed,1,EWR_HYD,1,0,short
AA,PMR,OGL,B777,19.0,6.0,345.0,On Time,0,PMR_OGL,1,1,long
ZX,HGH,EMY,B787,19.0,6.0,330.0,Scheduled,0,HGH_EMY,1,1,long
UA,AQP,USN,B787,13.0,6.0,300.0,On Time,0,AQP_USN,1,0,long
NK,CNS,ATF,A350,10.0,6.0,195.0,Scheduled,0,CNS_ATF,1,0,medium
SA,MIR,HRG,B777,16.0,6.0,285.0,Cancelled,1,MIR_HRG,1,0,long
AR,WCA,PMC,A350,21.0,6.0,165.0,Cancelled,1,WCA_PMC,1,0,medium
AR,PLZ,TUU,B737,8.0,6.0,315.0,Delayed,1,PLZ_TUU,1,1,long
SA,TNG,YWG,A350,18.0,6.0,90.0,On Time,0,TNG_YWG,1,1,short
SY,YWG,TAK,B787,20.0,6.0,75.0,Scheduled,0,YWG_TAK,1,0,short
HC,CGY,YEG,A350,12.0,6.0,345.0,On Time,0,CGY_YEG,1,0,long
SN,OTP,BGW,A320,10.0,6.0,105.0,Scheduled,0,OTP_BGW,1,0,short
G3,ASW,ADL,A350,19.0,6.0,120.0,Scheduled,0,ASW_ADL,1,1,short
WF,CJC,TAB,A350,22.0,6.0,255.0,On Time,0,CJC_TAB,1,0,long
SB,KIX,GIG,B737,6.0,6.0,90.0,Scheduled,0,KIX_GIG,1,0,short
AY,BJX,SYD,A350,9.0,6.0,360.0,On Time,0,BJX_SYD,1,1,long
MS,SZX,ANF,A350,14.0,6.0,120.0,Delayed,1,SZX_ANF,1,0,short
SV,SFS,EBL,B777,10.0,6.0,315.0,On Time,0,SFS_EBL,1,0,long
MH,TAK,LGA,B787,0.0,0.0,210.0,Cancelled,1,TAK_LGA,1,0,medium
WF,EBL,PVG,B737,21.0,6.0,90.0,On Time,0,EBL_PVG,1,0,short
YM,HTY,GMB,B737,7.0,6.0,225.0,On Time,0,HTY_GMB,1,1,medium
UK,DFW,HGH,B737,20.0,6.0,345.0,Scheduled,0,DFW_HGH,1,0,long
G4,CNX,TZX,B787,17.0,6.0,225.0,On Time,0,CNX_TZX,1,1,medium
MS,ADB,HIJ,A320,7.0,6.0,375.0,Delayed,1,ADB_HIJ,1,1,long
VN,DTW,SDU,B737,20.0,6.0,255.0,Delayed,1,DTW_SDU,1,0,long
D8,ADB,ELS,A320,11.0,6.0,375.0,On Time,0,ADB_ELS,1,0,long
MS,SAW,CNS,A350,13.0,6.0,360.0,Scheduled,0,SAW_CNS,1,0,long
SB,CCU,MTY,B777,7.0,6.0,240.0,Cancelled,1,CCU_MTY,1,1,medium
CM,TSN,ADZ,B777,17.0,6.0,390.0,Delayed,1,TSN_ADZ,1,1,long
PD,ELG,SZX,A320,7.0,6.0,165.0,Cancelled,1,ELG_SZX,1,1,medium
BA,HMO,PUS,B737,15.0,6.0,255.0,Cancelled,1,HMO_PUS,1,0,long
TG,AXM,TIJ,B737,18.0,6.0,360.0,On Time,0,AXM_TIJ,1,1,long
OS,FEZ,ZCO,B737,21.0,6.0,180.0,Cancelled,1,FEZ_ZCO,1,0,medium
AC,YNY,RMF,A320,19.0,6.0,315.0,Cancelled,1,YNY_RMF,1,1,long
IB,PHX,DLM,B777,9.0,6.0,270.0,On Time,0,PHX_DLM,1,1,long
PD,TCQ,BJV,A350,11.0,6.0,60.0,On Time,0,TCQ_BJV,1,0,short
KQ,KIX,MUC,B787,22.0,6.0,285.0,Scheduled,0,KIX_MUC,1,0,long
G3,TIJ,BJV,B777,20.0,6.0,360.0,Delayed,1,TIJ_BJV,1,0,long
SN,CZM,GDL,B777,19.0,6.0,315.0,Cancelled,1,CZM_GDL,1,1,long
IC,AKR,HMO,A350,23.0,6.0,240.0,Cancelled,1,AKR_HMO,1,0,medium
VJ,HKT,MQX,A320,21.0,6.0,240.0,Scheduled,0,HKT_MQX,1,0,medium
UK,HYD,JED,B737,16.0,6.0,165.0,Cancelled,1,HYD_JED,1,0,medium
UU,MUC,FOR,B787,20.0,6.0,180.0,On Time,0,MUC_FOR,1,0,medium
AI,MEL,GRU,B787,15.0,6.0,255.0,Delayed,1,MEL_GRU,1,0,long
WN,SEA,TCP,A350,14.0,6.0,390.0,Cancelled,1,SEA_TCP,1,0,long
TS,JRS,GDL,B737,10.0,6.0,135.0,Scheduled,0,JRS_GDL,1,0,medium
MS,MAD,DIR,B737,20.0,6.0,360.0,On Time,0,MAD_DIR,1,0,long
SN,YYZ,VIE,B737,18.0,6.0,315.0,Scheduled,0,YYZ_VIE,1,1,long
SV,YVR,MTZ,B777,20.0,6.0,195.0,Cancelled,1,YVR_MTZ,1,0,medium
DL,AXM,CTU,A320,20.0,6.0,105.0,Scheduled,0,AXM_CTU,1,0,short
RO,CJU,COK,A350,12.0,6.0,255.0,Scheduled,0,CJU_COK,1,0,long
TD,CPT,BOM,B737,16.0,6.0,210.0,Scheduled,0,CPT_BOM,1,0,medium
LH,FRA,EUN,B777,18.0,6.0,270.0,Delayed,1,FRA_EUN,1,1,long
VN,BFN,PMC,A320,17.0,6.0,240.0,Delayed,1,BFN_PMC,1,1,medium
TG,DWC,TNG,B737,9.0,6.0,240.0,On Time,0,DWC_TNG,1,1,medium
MP,GRU,FTE,A320,22.0,6.0,285.0,On Time,0,GRU_FTE,1,0,long
B6,SSH,RAK,B777,15.0,6.0,285.0,Scheduled,0,SSH_RAK,1,0,long
VJ,CRK,PUS,A350,13.0,6.0,330.0,Cancelled,1,CRK_PUS,1,0,long
VJ,CGK,ROV,A320,18.0,6.0,240.0,On Time,0,CGK_ROV,1,1,medium
LP,TSN,RMF,B777,13.0,6.0,315.0,On Time,0,TSN_RMF,1,0,long
XG,MFM,OSM,B737,20.0,6.0,240.0,Delayed,1,MFM_OSM,1,0,medium
LH,MDZ,CGY,B777,6.0,6.0,300.0,Cancelled,1,MDZ_CGY,1,0,long
AS,PRG,EZE,A350,10.0,6.0,165.0,Scheduled,0,PRG_EZE,1,0,medium
F8,SFO,LST,B777,19.0,6.0,75.0,Scheduled,0,SFO_LST,1,1,short
SY,LTX,AEP,B787,22.0,6.0,135.0,Cancelled,1,LTX_AEP,1,0,medium
AD,TCP,BFN,A320,22.0,6.0,300.0,Delayed,1,TCP_BFN,1,0,long
IR,JUL,VIE,B777,17.0,6.0,180.0,Scheduled,0,JUL_VIE,1,1,medium
FZ,HYD,DME,B777,15.0,6.0,210.0,Cancelled,1,HYD_DME,1,0,medium
D8,GAE,MIA,A350,10.0,6.0,225.0,On Time,0,GAE_MIA,1,0,medium
OK,CGH,MEL,B787,8.0,6.0,150.0,Scheduled,0,CGH_MEL,1,1,medium
SW,YUL,CUC,B737,19.0,6.0,150.0,Scheduled,0,YUL_CUC,1,1,medium
PX,TAK,AGA,A350,15.0,6.0,135.0,Cancelled,1,TAK_AGA,1,0,medium
WG,FEZ,SSA,A350,19.0,6.0,150.0,Scheduled,0,FEZ_SSA,1,1,medium
VA,TPE,IPC,B787,8.0,6.0,255.0,Cancelled,1,TPE_IPC,1,1,long
FR,VDA,FRA,A350,22.0,6.0,105.0,Cancelled,1,VDA_FRA,1,0,short
MH,HUN,BOG,A320,11.0,6.0,315.0,Cancelled,1,HUN_BOG,1,0,long
FR,TSN,HND,B737,6.0,6.0,225.0,Delayed,1,TSN_HND,1,0,medium
U2,RMF,KMG,B777,12.0,6.0,195.0,Delayed,1,RMF_KMG,1,0,medium
ZX,PLZ,RSU,A350,10.0,6.0,210.0,Scheduled,0,PLZ_RSU,1,0,medium
IR,MFM,LXR,A350,19.0,6.0,165.0,Delayed,1,MFM_LXR,1,1,medium
SQ,AKL,YWG,A350,13.0,6.0,270.0,Cancelled,1,AKL_YWG,1,0,long
KE,IST,MNL,B737,12.0,6.0,405.0,On Time,0,IST_MNL,1,0,long
KL,EJA,IGR,B787,19.0,6.0,300.0,Cancelled,1,EJA_IGR,1,1,long
AY,KZN,YHZ,B777,20.0,6.0,255.0,Delayed,1,KZN_YHZ,1,0,long
MS,IKT,BUD,A350,16.0,6.0,165.0,Delayed,1,IKT_BUD,1,0,medium
SA,DEN,CBQ,B777,14.0,6.0,255.0,Delayed,1,DEN_CBQ,1,0,long
JJ,TCP,ELG,B777,16.0,6.0,165.0,Scheduled,0,TCP_ELG,1,0,medium
MS,KUL,YWG,A320,21.0,6.0,345.0,Delayed,1,KUL_YWG,1,0,long
NK,YQB,HRG,B737,11.0,6.0,195.0,Cancelled,1,YQB_HRG,1,0,medium
UU,MDE,TSN,A320,17.0,6.0,210.0,On Time,0,MDE_TSN,1,1,medium
BL,AYP,SLA,A320,17.0,6.0,255.0,Delayed,1,AYP_SLA,1,1,long
F9,CMN,BGA,B737,11.0,6.0,60.0,Scheduled,0,CMN_BGA,1,0,short
DJ,MTZ,ELS,A350,0.0,0.0,90.0,On Time,0,MTZ_ELS,1,0,short
FJ,TOE,YYZ,B737,15.0,6.0,150.0,Delayed,1,TOE_YYZ,1,0,medium
VJ,PYO,TNG,B787,16.0,6.0,360.0,Cancelled,1,PYO_TNG,1,0,long
FD,EMY,TUU,B787,13.0,6.0,135.0,On Time,0,EMY_TUU,1,0,medium
WG,JIJ,MIR,A350,21.0,6.0,135.0,Delayed,1,JIJ_MIR,1,0,medium
TS,CEB,CTU,B777,9.0,6.0,60.0,Delayed,1,CEB_CTU,1,1,short
UK,BEV,OUD,A350,17.0,6.0,390.0,On Time,0,BEV_OUD,1,1,long
AI,GRU,ICN,B737,12.0,6.0,375.0,Delayed,1,GRU_ICN,1,0,long
VA,LXR,GIG,A320,21.0,6.0,285.0,On Time,0,LXR_GIG,1,0,long
LP,EWR,XNH,B787,0.0,0.0,60.0,Delayed,1,EWR_XNH,1,0,short
6E,SCY,TUN,B737,12.0,6.0,300.0,On Time,0,SCY_TUN,1,0,long
AI,DOH,PIU,B787,9.0,6.0,105.0,Cancelled,1,DOH_PIU,1,1,short
NZ,MAD,LIS,B787,16.0,6.0,60.0,On Time,0,MAD_LIS,1,0,short
JU,OSM,KZN,B737,20.0,6.0,210.0,Scheduled,0,OSM_KZN,1,0,medium
AY,BJV,RMF,A320,0.0,0.0,300.0,Scheduled,0,BJV_RMF,1,0,long
MS,AKR,TOE,A350,21.0,6.0,375.0,Scheduled,0,AKR_TOE,1,0,long
FZ,YHM,KWJ,A320,15.0,6.0,120.0,Scheduled,0,YHM_KWJ,1,0,short
U2,UIO,PEK,B777,15.0,6.0,375.0,Delayed,1,UIO_PEK,1,0,long
PD,PYO,CTG,B787,13.0,6.0,240.0,On Time,0,PYO_CTG,1,0,medium
SN,EWR,FTE,A350,18.0,6.0,240.0,On Time,0,EWR_FTE,1,1,medium
YM,SSH,TIJ,A320,23.0,6.0,195.0,Scheduled,0,SSH_TIJ,1,0,medium
UK,TAB,ADZ,A320,13.0,6.0,75.0,Cancelled,1,TAB_ADZ,1,0,short
I5,CDG,MFM,B777,13.0,6.0,360.0,Delayed,1,CDG_MFM,1,0,long
OZ,AHB,PPS,A320,23.0,6.0,90.0,On Time,0,AHB_PPS,1,0,short
TD,TUU,COR,A320,10.0,6.0,150.0,Scheduled,0,TUU_COR,1,0,medium
AD,LSC,FEZ,B777,16.0,6.0,180.0,Delayed,1,LSC_FEZ,1,0,medium
KL,OSL,KIM,A350,0.0,0.0,225.0,Delayed,1,OSL_KIM,1,0,medium
OK,CNS,BOS,B777,11.0,6.0,135.0,Delayed,1,CNS_BOS,1,0,medium
IX,ILR,ZUR,B787,15.0,6.0,210.0,Delayed,1,ILR_ZUR,1,0,medium
SB,YYZ,HFA,B777,20.0,6.0,285.0,Cancelled,1,YYZ_HFA,1,0,long
OK,RMQ,NPL,B737,16.0,6.0,285.0,Cancelled,1,RMQ_NPL,1,0,long
AY,PYO,VDA,A350,16.0,6.0,270.0,Scheduled,0,PYO_VDA,1,0,long
SQ,CHC,BKK,B777,21.0,6.0,405.0,Scheduled,0,CHC_BKK,1,0,long
F9,ARN,MEX,A320,0.0,0.0,60.0,Cancelled,1,ARN_MEX,1,0,short
MH,MDE,JUJ,A320,20.0,6.0,390.0,Delayed,1,MDE_JUJ,1,0,long
TD,ABV,PRG,A320,23.0,6.0,270.0,Cancelled,1,ABV_PRG,1,0,long
AV,LXR,CEB,A350,17.0,6.0,390.0,Delayed,1,LXR_CEB,1,1,long
WF,DMM,LTX,A320,8.0,6.0,180.0,Scheduled,0,DMM_LTX,1,1,medium
LP,BNE,TLV,A320,0.0,0.0,225.0,Cancelled,1,BNE_TLV,1,0,medium
AV,BJV,DME,B777,11.0,6.0,240.0,On Time,0,BJV_DME,1,0,medium
LA,OTP,EIL,B737,11.0,6.0,345.0,On Time,0,OTP_EIL,1,0,long
TK,SAW,MQP,A350,7.0,6.0,390.0,Scheduled,0,SAW_MQP,1,1,long
VY,ESB,TAG,B737,11.0,6.0,285.0,Delayed,1,ESB_TAG,1,0,long
QR,TLV,LSC,B777,7.0,6.0,210.0,Scheduled,0,TLV_LSC,1,1,medium
TP,DOH,KMI,B737,23.0,6.0,405.0,Scheduled,0,DOH_KMI,1,0,long
CM,JED,TRU,B777,15.0,6.0,90.0,Delayed,1,JED_TRU,1,0,short
OS,DEN,ETM,B777,7.0,6.0,195.0,Cancelled,1,DEN_ETM,1,1,medium
P5,YEG,RUH,A320,20.0,6.0,300.0,Delayed,1,YEG_RUH,1,0,long
YM,FCO,VIE,A350,9.0,6.0,60.0,Cancelled,1,FCO_VIE,1,1,short
IB,MUH,BGW,A350,19.0,6.0,180.0,Delayed,1,MUH_BGW,1,1,medium
WG,NKG,ESB,B737,13.0,6.0,360.0,Scheduled,0,NKG_ESB,1,0,long
EY,USN,PUS,B787,9.0,6.0,345.0,Cancelled,1,USN_PUS,1,1,long
AR,BJR,KAN,A350,21.0,6.0,60.0,On Time,0,BJR_KAN,1,0,short
TD,ORD,CZM,B777,9.0,6.0,210.0,Scheduled,0,ORD_CZM,1,1,medium
HC,AGA,SCY,A320,10.0,6.0,315.0,On Time,0,AGA_SCY,1,0,long
JJ,OKA,ATL,A350,8.0,6.0,135.0,Scheduled,0,OKA_ATL,1,1,medium
6E,TAE,DXB,B787,19.0,6.0,300.0,Scheduled,0,TAE_DXB,1,1,long
AY,GMB,CUE,B787,19.0,6.0,315.0,On Time,0,GMB_CUE,1,1,long
PD,RSU,SCY,B787,7.0,6.0,165.0,Cancelled,1,RSU_SCY,1,1,medium
HV,CNX,ELS,A350,15.0,6.0,135.0,Scheduled,0,CNX_ELS,1,0,medium
BT,SYD,HRG,A350,6.0,6.0,150.0,On Time,0,SYD_HRG,1,0,medium
F8,USN,YYZ,B787,21.0,6.0,255.0,On Time,0,USN_YYZ,1,0,long
TT,CGH,RMF,A320,12.0,6.0,240.0,Cancelled,1,CGH_RMF,1,0,medium
PK,YHM,HDS,B787,20.0,6.0,390.0,Cancelled,1,YHM_HDS,1,0,long
QR,CHM,DOH,A350,10.0,6.0,180.0,Cancelled,1,CHM_DOH,1,0,medium
AY,CPH,HMO,A320,14.0,6.0,300.0,Cancelled,1,CPH_HMO,1,0,long
RO,ATL,YOW,A350,17.0,6.0,225.0,Delayed,1,ATL_YOW,1,1,medium
MH,HEL,HND,B777,20.0,6.0,360.0,Scheduled,0,HEL_HND,1,0,long
F8,MTY,IGR,B787,8.0,6.0,105.0,On Time,0,MTY_IGR,1,1,short
BT,MIR,BOM,B787,15.0,6.0,405.0,Delayed,1,MIR_BOM,1,0,long
PK,EIL,SLL,B777,8.0,6.0,225.0,Scheduled,0,EIL_SLL,1,1,medium
FR,YUL,LLI,A320,6.0,6.0,375.0,Delayed,1,YUL_LLI,1,0,long
AI,YUL,CUN,B777,12.0,6.0,330.0,Delayed,1,YUL_CUN,1,0,long
ET,CUE,YOW,B777,11.0,6.0,360.0,On Time,0,CUE_YOW,1,0,long
HV,AHB,LXR,A350,10.0,6.0,345.0,Cancelled,1,AHB_LXR,1,0,long
SA,JNB,JFK,A320,8.0,6.0,165.0,On Time,0,JNB_JFK,1,1,medium
IC,KMI,SSH,A320,8.0,6.0,240.0,Scheduled,0,KMI_SSH,1,1,medium
RO,ILR,BNE,A320,14.0,6.0,270.0,Cancelled,1,ILR_BNE,1,0,long
AA,BGA,DVO,B787,16.0,6.0,390.0,On Time,0,BGA_DVO,1,0,long
OS,AMD,ICN,A320,10.0,6.0,120.0,Scheduled,0,AMD_ICN,1,0,short
OZ,OKA,ZAL,B787,11.0,6.0,360.0,Delayed,1,OKA_ZAL,1,0,long
EY,PHC,TRU,B787,6.0,6.0,210.0,Delayed,1,PHC_TRU,1,0,medium
JQ,TZX,YHZ,A320,0.0,0.0,390.0,Cancelled,1,TZX_YHZ,1,0,long
QZ,IKT,OKA,B787,14.0,6.0,375.0,Delayed,1,IKT_OKA,1,0,long
RJ,DTW,OVB,A320,9.0,6.0,315.0,Scheduled,0,DTW_OVB,1,1,long
DJ,VIE,DUD,A350,15.0,6.0,135.0,Delayed,1,VIE_DUD,1,0,medium
WF,CGY,IBA,A320,21.0,6.0,240.0,Delayed,1,CGY_IBA,1,0,medium
BR,ESB,YNY,B737,16.0,6.0,300.0,On Time,0,ESB_YNY,1,0,long
IB,SSH,NBE,B737,14.0,6.0,375.0,Cancelled,1,SSH_NBE,1,0,long
W5,LAX,DPS,B777,15.0,6.0,210.0,Cancelled,1,LAX_DPS,1,0,medium
LH,BUD,ADL,A320,9.0,6.0,240.0,Delayed,1,BUD_ADL,1,1,medium
DL,CUN,CPT,B787,7.0,6.0,300.0,Cancelled,1,CUN_CPT,1,1,long
G3,LST,LXR,B737,14.0,6.0,75.0,On Time,0,LST_LXR,1,0,short
AY,BCD,JUL,B787,19.0,6.0,285.0,On Time,0,BCD_JUL,1,1,long
SJ,AMS,LXR,B787,8.0,6.0,135.0,Delayed,1,AMS_LXR,1,1,medium
VY,CMN,XMN,A320,7.0,6.0,240.0,Scheduled,0,CMN_XMN,1,1,medium
LA,MED,JRS,B787,20.0,6.0,405.0,On Time,0,MED_JRS,1,0,long
SQ,JED,LXR,B777,13.0,6.0,210.0,On Time,0,JED_LXR,1,0,medium
TP,PIU,TCQ,B787,22.0,6.0,210.0,On Time,0,PIU_TCQ,1,0,medium
SW,ELS,MCO,A350,8.0,6.0,315.0,Delayed,1,ELS_MCO,1,1,long
KL,NRT,BJV,A350,21.0,6.0,330.0,On Time,0,NRT_BJV,1,0,long
BT,DUD,NPE,B777,13.0,6.0,330.0,Delayed,1,DUD_NPE,1,0,long
IR,MTZ,JNB,A320,6.0,6.0,360.0,Cancelled,1,MTZ_JNB,1,0,long
QF,MAA,COK,B737,22.0,6.0,195.0,Cancelled,1,MAA_COK,1,0,medium
OS,LOS,BSB,B787,16.0,6.0,240.0,Cancelled,1,LOS_BSB,1,0,medium
HV,IFN,RMF,B787,0.0,0.0,60.0,Delayed,1,IFN_RMF,1,0,short
TP,EJA,BSR,A320,20.0,6.0,345.0,Cancelled,1,EJA_BSR,1,0,long
VN,DIR,MUH,B737,19.0,6.0,285.0,On Time,0,DIR_MUH,1,1,long
AC,OTP,OSL,A350,19.0,6.0,165.0,Cancelled,1,OTP_OSL,1,1,medium
RJ,TOE,ATL,A320,18.0,6.0,315.0,Cancelled,1,TOE_ATL,1,1,long
AD,GRJ,SYD,B737,20.0,6.0,375.0,Cancelled,1,GRJ_SYD,1,0,long
AC,FRA,CAI,B787,13.0,6.0,165.0,On Time,0,FRA_CAI,1,0,medium
HV,YHZ,LAS,B777,8.0,6.0,270.0,On Time,0,YHZ_LAS,1,1,long
BT,MFM,CDG,A320,12.0,6.0,285.0,Scheduled,0,MFM_CDG,1,0,long
AF,BOG,BSR,A320,20.0,6.0,300.0,Scheduled,0,BOG_BSR,1,0,long
KL,CCU,MFM,A320,7.0,6.0,60.0,Cancelled,1,CCU_MFM,1,1,short
FR,UFA,DJE,B737,8.0,6.0,375.0,Delayed,1,UFA_DJE,1,1,long
LX,IGR,KIX,A350,15.0,6.0,105.0,Cancelled,1,IGR_KIX,1,0,short
AT,SAW,IKT,A350,8.0,6.0,90.0,Scheduled,0,SAW_IKT,1,1,short
UA,SZX,PMR,A320,22.0,6.0,60.0,Cancelled,1,SZX_PMR,1,0,short
FD,CBQ,HMO,B737,8.0,6.0,180.0,Cancelled,1,CBQ_HMO,1,1,medium
OK,BGW,KUL,B737,22.0,6.0,240.0,On Time,0,BGW_KUL,1,0,medium
AS,RPN,PMC,A350,19.0,6.0,375.0,Cancelled,1,RPN_PMC,1,1,long
JJ,YNY,TCP,A350,14.0,6.0,300.0,Scheduled,0,YNY_TCP,1,0,long
SA,RUH,SCY,B787,21.0,6.0,315.0,Cancelled,1,RUH_SCY,1,0,long
SB,KSW,DRW,A350,21.0,6.0,165.0,Delayed,1,KSW_DRW,1,0,medium
QZ,CTU,ESB,A350,16.0,6.0,150.0,On Time,0,CTU_ESB,1,0,medium
6E,IPC,AMM,A320,11.0,6.0,345.0,Cancelled,1,IPC_AMM,1,0,long
SY,CNS,XMS,B737,20.0,6.0,390.0,Cancelled,1,CNS_XMS,1,0,long
IC,KHH,ETM,B737,23.0,6.0,390.0,Delayed,1,KHH_ETM,1,0,long
EY,KHH,AMS,A320,6.0,6.0,240.0,Scheduled,0,KHH_AMS,1,0,medium
YM,NJF,GMB,B737,22.0,6.0,75.0,Delayed,1,NJF_GMB,1,0,short
JU,SIN,MIA,A350,6.0,6.0,375.0,Delayed,1,SIN_MIA,1,0,long
IC,DVO,CNX,B777,19.0,6.0,300.0,Scheduled,0,DVO_CNX,1,1,long
AC,LTX,MZG,A320,21.0,6.0,255.0,Scheduled,0,LTX_MZG,1,0,long
G4,NKG,TOE,B787,15.0,6.0,180.0,On Time,0,NKG_TOE,1,0,medium
W5,MCO,CWB,B777,9.0,6.0,75.0,Cancelled,1,MCO_CWB,1,1,short
FZ,RMQ,YVR,B787,12.0,6.0,225.0,On Time,0,RMQ_YVR,1,0,medium
WF,TAE,TTU,A320,12.0,6.0,150.0,Scheduled,0,TAE_TTU,1,0,medium
AC,HBA,CJC,B737,15.0,6.0,60.0,Delayed,1,HBA_CJC,1,0,short
KE,BJX,CGK,B737,7.0,6.0,360.0,Cancelled,1,BJX_CGK,1,1,long
WG,ILO,CNX,B737,15.0,6.0,105.0,Cancelled,1,ILO_CNX,1,0,short
FR,RPN,LOS,B737,8.0,6.0,255.0,Cancelled,1,RPN_LOS,1,1,long
SJ,AMS,DEL,A350,9.0,6.0,285.0,On Time,0,AMS_DEL,1,1,long
IB,OOL,PHX,B737,21.0,6.0,135.0,Cancelled,1,OOL_PHX,1,0,medium
AI,KSW,SCL,A320,23.0,6.0,150.0,Scheduled,0,KSW_SCL,1,0,medium
AT,PEK,JFK,B787,6.0,6.0,225.0,On Time,0,PEK_JFK,1,0,medium
VN,ELG,ADD,B787,15.0,6.0,180.0,Cancelled,1,ELG_ADD,1,0,medium
OS,YOW,IPC,B777,9.0,6.0,120.0,Scheduled,0,YOW_IPC,1,1,short
KL,JFK,BCD,A320,21.0,6.0,180.0,Scheduled,0,JFK_BCD,1,0,medium
ET,CPH,PLZ,A320,8.0,6.0,90.0,Delayed,1,CPH_PLZ,1,1,short
MS,JFK,HKG,A350,22.0,6.0,165.0,Cancelled,1,JFK_HKG,1,0,medium
PX,EWR,LAS,A350,13.0,6.0,240.0,On Time,0,EWR_LAS,1,0,medium
BA,LGA,CUZ,A350,21.0,6.0,345.0,On Time,0,LGA_CUZ,1,0,long
VY,LST,TUN,B787,8.0,6.0,165.0,Cancelled,1,LST_TUN,1,1,medium
SY,MAA,PUS,B737,14.0,6.0,75.0,On Time,0,MAA_PUS,1,0,short
UK,OGL,ASW,B787,12.0,6.0,375.0,Cancelled,1,OGL_ASW,1,0,long
IC,MFM,BRU,B737,12.0,6.0,300.0,Scheduled,0,MFM_BRU,1,0,long
TT,MLX,DFW,B777,10.0,6.0,315.0,Cancelled,1,MLX_DFW,1,0,long
PC,SHC,OTP,A350,0.0,0.0,270.0,Cancelled,1,SHC_OTP,1,0,long
AZ,IVC,CHC,B787,7.0,6.0,105.0,Delayed,1,IVC_CHC,1,1,short
AY,DWC,TTT,B737,8.0,6.0,255.0,On Time,0,DWC_TTT,1,1,long
VA,KMI,HND,A320,13.0,6.0,345.0,Scheduled,0,KMI_HND,1,0,long
RJ,RSU,AEP,B787,6.0,6.0,90.0,Cancelled,1,RSU_AEP,1,0,short
HV,AMM,GMP,A350,13.0,6.0,255.0,Delayed,1,AMM_GMP,1,0,long
UA,ADB,ATH,A350,13.0,6.0,390.0,Scheduled,0,ADB_ATH,1,0,long
TG,OSL,IKT,A350,12.0,6.0,180.0,Scheduled,0,OSL_IKT,1,0,medium
JL,CPH,CHM,A320,23.0,6.0,315.0,Scheduled,0,CPH_CHM,1,0,long
OZ,WCA,ELG,B787,14.0,6.0,225.0,On Time,0,WCA_ELG,1,0,medium
6E,HRG,TLV,A350,23.0,6.0,60.0,Scheduled,0,HRG_TLV,1,0,short
BR,CLT,MUH,B737,13.0,6.0,315.0,Delayed,1,CLT_MUH,1,0,long
AC,BGA,RMQ,B777,6.0,6.0,60.0,Scheduled,0,BGA_RMQ,1,0,short
PX,CNF,SLL,B777,22.0,6.0,225.0,Scheduled,0,CNF_SLL,1,0,medium
VJ,HRG,DOH,B777,10.0,6.0,75.0,Cancelled,1,HRG_DOH,1,0,short
PK,PMR,DJE,B787,15.0,6.0,240.0,Scheduled,0,PMR_DJE,1,0,medium
ZX,EIL,XNH,B777,7.0,6.0,180.0,Delayed,1,EIL_XNH,1,1,medium
AR,LXR,VOG,B787,14.0,6.0,255.0,Delayed,1,LXR_VOG,1,0,long
BT,JNB,PPS,B737,16.0,6.0,165.0,On Time,0,JNB_PPS,1,0,medium
AZ,KRR,IAD,A320,23.0,6.0,255.0,On Time,0,KRR_IAD,1,0,long
DT,TAG,MEL,B777,15.0,6.0,120.0,Delayed,1,TAG_MEL,1,0,short
JL,CAI,CMN,A350,17.0,6.0,165.0,Delayed,1,CAI_CMN,1,1,medium
OK,SFO,JFK,A350,8.0,6.0,405.0,Delayed,1,SFO_JFK,1,1,long
SY,HMO,RSU,B737,15.0,6.0,270.0,On Time,0,HMO_RSU,1,0,long
QF,GDQ,CGK,B787,23.0,6.0,90.0,Scheduled,0,GDQ_CGK,1,0,short
BR,EIL,MLX,B787,7.0,6.0,390.0,On Time,0,EIL_MLX,1,1,long
U2,TNG,ICN,B787,14.0,6.0,315.0,Scheduled,0,TNG_ICN,1,0,long
IR,ESB,EJA,B787,19.0,6.0,315.0,Delayed,1,ESB_EJA,1,1,long
6E,TCP,AUH,A350,11.0,6.0,330.0,Cancelled,1,TCP_AUH,1,0,long
FJ,TOE,AMD,B737,22.0,6.0,375.0,Scheduled,0,TOE_AMD,1,0,long
OS,CNS,YUL,A350,8.0,6.0,135.0,On Time,0,CNS_YUL,1,1,medium
SV,ABV,PHC,A350,12.0,6.0,225.0,Delayed,1,ABV_PHC,1,0,medium
FJ,UFA,HEL,B737,18.0,6.0,135.0,Cancelled,1,UFA_HEL,1,1,medium
W6,EUN,AUH,B737,7.0,6.0,150.0,Cancelled,1,EUN_AUH,1,1,medium
BR,WLG,TRU,B777,11.0,6.0,300.0,Cancelled,1,WLG_TRU,1,0,long
PX,CUZ,YHZ,A350,9.0,6.0,75.0,Scheduled,0,CUZ_YHZ,1,1,short
PK,PLZ,EBM,A350,13.0,6.0,60.0,Cancelled,1,PLZ_EBM,1,0,short
IR,NQN,ASW,A350,18.0,6.0,180.0,Scheduled,0,NQN_ASW,1,1,medium
JL,DMM,BOS,B787,16.0,6.0,315.0,Scheduled,0,DMM_BOS,1,0,long
IC,CTG,LLI,B787,18.0,6.0,120.0,Scheduled,0,CTG_LLI,1,1,short
JL,XMS,ABV,B737,15.0,6.0,270.0,Scheduled,0,XMS_ABV,1,0,long
BL,HMO,LOS,B777,21.0,6.0,390.0,Cancelled,1,HMO_LOS,1,0,long
DJ,GDL,MDE,B787,17.0,6.0,105.0,On Time,0,GDL_MDE,1,1,short
UA,MFM,SVO,B737,7.0,6.0,195.0,Delayed,1,MFM_SVO,1,1,medium
VY,YUL,CTS,A320,13.0,6.0,270.0,On Time,0,YUL_CTS,1,0,long
AT,HKG,SYD,B737,7.0,6.0,300.0,Cancelled,1,HKG_SYD,1,1,long
F8,GDQ,OUD,B787,6.0,6.0,240.0,Cancelled,1,GDQ_OUD,1,0,medium
FD,ZAL,TIJ,A350,8.0,6.0,210.0,Scheduled,0,ZAL_TIJ,1,1,medium
AZ,GOI,MZG,B787,9.0,6.0,90.0,Cancelled,1,GOI_MZG,1,1,short
U2,TCP,MIA,A350,16.0,6.0,345.0,Cancelled,1,TCP_MIA,1,0,long
RJ,YEG,PER,B777,16.0,6.0,315.0,On Time,0,YEG_PER,1,0,long
MS,MUH,LLI,B737,11.0,6.0,225.0,Delayed,1,MUH_LLI,1,0,medium
PC,MLX,LSC,B787,22.0,6.0,300.0,Cancelled,1,MLX_LSC,1,0,long
YM,ABV,YVR,B777,6.0,6.0,285.0,Scheduled,0,ABV_YVR,1,0,long
QR,BOM,BJV,B787,6.0,6.0,330.0,Scheduled,0,BOM_BJV,1,0,long
TG,AYT,KMG,A320,11.0,6.0,405.0,Delayed,1,AYT_KMG,1,0,long
KQ,MEL,BSB,A320,14.0,6.0,300.0,Cancelled,1,MEL_BSB,1,0,long
W6,DPS,TNN,A350,10.0,6.0,75.0,Scheduled,0,DPS_TNN,1,0,short
B6,BCD,YHZ,B777,16.0,6.0,405.0,Scheduled,0,BCD_YHZ,1,0,long
JJ,GRJ,YUL,B777,14.0,6.0,105.0,On Time,0,GRJ_YUL,1,0,short
CM,LSC,NPL,B737,13.0,6.0,75.0,On Time,0,LSC_NPL,1,0,short
CI,USN,YVR,A320,7.0,6.0,240.0,Scheduled,0,USN_YVR,1,1,medium
TK,NRT,PYO,B777,15.0,6.0,180.0,Scheduled,0,NRT_PYO,1,0,medium
LP,HTY,BGW,A320,9.0,6.0,105.0,Scheduled,0,HTY_BGW,1,1,short
SK,EMY,IKT,A320,19.0,6.0,270.0,Scheduled,0,EMY_IKT,1,1,long
G4,CJU,ETM,A320,15.0,6.0,210.0,Cancelled,1,CJU_ETM,1,0,medium
DJ,CDG,TUN,A320,17.0,6.0,390.0,On Time,0,CDG_TUN,1,1,long
TT,ROT,AQP,B737,10.0,6.0,255.0,Delayed,1,ROT_AQP,1,0,long
EY,TUN,ROV,A350,20.0,6.0,300.0,Delayed,1,TUN_ROV,1,0,long
IB,MQP,BEV,A350,10.0,6.0,210.0,Scheduled,0,MQP_BEV,1,0,medium
LH,AMD,NRT,B787,15.0,6.0,270.0,On Time,0,AMD_NRT,1,0,long
LX,TUU,PLZ,A350,7.0,6.0,60.0,Scheduled,0,TUU_PLZ,1,1,short
DJ,FTE,EMY,B777,18.0,6.0,120.0,On Time,0,FTE_EMY,1,1,short
KE,PRG,EBM,B777,20.0,6.0,195.0,Cancelled,1,PRG_EBM,1,0,medium
B6,AYP,GYE,B787,8.0,6.0,285.0,On Time,0,AYP_GYE,1,1,long
XG,CUZ,LAX,B787,11.0,6.0,90.0,On Time,0,CUZ_LAX,1,0,short
AV,EIL,HMO,B737,10.0,6.0,390.0,On Time,0,EIL_HMO,1,0,long
SW,OOL,TUN,A320,18.0,6.0,270.0,On Time,0,OOL_TUN,1,1,long
OK,MAA,USN,B777,12.0,6.0,75.0,On Time,0,MAA_USN,1,0,short
OZ,YWG,FUK,B737,18.0,6.0,165.0,Delayed,1,YWG_FUK,1,1,medium
I5,ZCO,MSP,A350,11.0,6.0,270.0,Cancelled,1,ZCO_MSP,1,0,long
JU,VDA,CNX,B777,18.0,6.0,345.0,Scheduled,0,VDA_CNX,1,1,long
FJ,SLA,ZCO,B787,7.0,6.0,255.0,Cancelled,1,SLA_ZCO,1,1,long
RJ,AEP,YOW,B737,19.0,6.0,255.0,Scheduled,0,AEP_YOW,1,1,long
SN,CRK,JED,B777,19.0,6.0,315.0,On Time,0,CRK_JED,1,1,long
BT,SDU,RMF,A350,11.0,6.0,375.0,Scheduled,0,SDU_RMF,1,0,long
LA,HRG,KIM,B777,15.0,6.0,315.0,On Time,0,HRG_KIM,1,0,long
MP,FEZ,DVO,B777,23.0,6.0,240.0,On Time,0,FEZ_DVO,1,0,medium
W6,CJC,BOG,B787,18.0,6.0,60.0,On Time,0,CJC_BOG,1,1,short
LP,YYC,GMP,A320,22.0,6.0,135.0,Cancelled,1,YYC_GMP,1,0,medium
SY,CUN,COR,B737,8.0,6.0,285.0,Scheduled,0,CUN_COR,1,1,long
EK,PIU,TNG,A320,11.0,6.0,75.0,Scheduled,0,PIU_TNG,1,0,short
TG,SSH,TPE,A320,9.0,6.0,195.0,On Time,0,SSH_TPE,1,1,medium
NZ,LSC,ZQN,B777,0.0,0.0,180.0,Scheduled,0,LSC_ZQN,1,0,medium
DL,DVO,LAX,A350,9.0,6.0,300.0,On Time,0,DVO_LAX,1,1,long
WG,OSL,ZAL,B787,23.0,6.0,195.0,Scheduled,0,OSL_ZAL,1,0,medium
MH,TAG,DMM,A320,21.0,6.0,75.0,Delayed,1,TAG_DMM,1,0,short
FZ,YUL,KAN,B787,10.0,6.0,330.0,Cancelled,1,YUL_KAN,1,0,long
WJ,PRG,KZN,B777,7.0,6.0,405.0,On Time,0,PRG_KZN,1,1,long
RJ,IAD,YYC,A320,17.0,6.0,285.0,On Time,0,IAD_YYC,1,1,long
6E,UFA,ADB,B737,12.0,6.0,105.0,Cancelled,1,UFA_ADB,1,0,short
BA,NJF,ADD,B777,9.0,6.0,405.0,Delayed,1,NJF_ADD,1,1,long
CX,KIX,SYD,B737,23.0,6.0,285.0,Scheduled,0,KIX_SYD,1,0,long
RO,WLG,ZAL,B787,9.0,6.0,75.0,Scheduled,0,WLG_ZAL,1,1,short
TG,CCU,BJR,B777,13.0,6.0,75.0,On Time,0,CCU_BJR,1,0,short
BT,RMF,HYD,B737,14.0,6.0,405.0,On Time,0,RMF_HYD,1,0,long
VY,PLZ,MED,B737,20.0,6.0,240.0,Delayed,1,PLZ_MED,1,0,medium
IX,CNF,FUK,B777,9.0,6.0,300.0,On Time,0,CNF_FUK,1,1,long
AA,MTZ,WCA,B737,15.0,6.0,180.0,Delayed,1,MTZ_WCA,1,0,medium
LX,BOG,KHH,A350,19.0,6.0,180.0,On Time,0,BOG_KHH,1,1,medium
DT,ILR,RMF,A350,14.0,6.0,165.0,Scheduled,0,ILR_RMF,1,0,medium
CX,ADB,GAE,B787,11.0,6.0,300.0,Scheduled,0,ADB_GAE,1,0,long
AI,EMY,PNQ,B787,12.0,6.0,315.0,On Time,0,EMY_PNQ,1,0,long
IR,OKA,ATH,A320,21.0,6.0,180.0,Delayed,1,OKA_ATH,1,0,medium
MP,AKL,CYI,B787,22.0,6.0,285.0,Scheduled,0,AKL_CYI,1,0,long
TT,ZAL,DJE,B787,14.0,6.0,90.0,Scheduled,0,ZAL_DJE,1,0,short
KL,NGO,EBL,B737,0.0,0.0,405.0,Cancelled,1,NGO_EBL,1,0,long
MS,IVC,CTS,A320,20.0,6.0,60.0,Scheduled,0,IVC_CTS,1,0,short
KE,CCU,GRJ,B777,15.0,6.0,270.0,Cancelled,1,CCU_GRJ,1,0,long
FR,AXM,BJX,B777,10.0,6.0,390.0,Delayed,1,AXM_BJX,1,0,long
WN,AMS,KRR,A350,21.0,6.0,390.0,Delayed,1,AMS_KRR,1,0,long
P5,LAX,MEL,A350,10.0,6.0,120.0,Delayed,1,LAX_MEL,1,0,short
SQ,HTY,TTT,B787,7.0,6.0,195.0,Scheduled,0,HTY_TTT,1,1,medium
DL,CAI,RSU,B737,20.0,6.0,360.0,Delayed,1,CAI_RSU,1,0,long
G4,ILO,PMR,A320,19.0,6.0,150.0,Delayed,1,ILO_PMR,1,1,medium
SY,CUE,TIJ,A350,13.0,6.0,315.0,Delayed,1,CUE_TIJ,1,0,long
WG,CJC,LLI,B737,13.0,6.0,195.0,Cancelled,1,CJC_LLI,1,0,medium
WG,NGO,ADZ,A320,20.0,6.0,210.0,Delayed,1,NGO_ADZ,1,0,medium
DT,ARN,CRK,B777,0.0,0.0,75.0,Scheduled,0,ARN_CRK,1,0,short
G4,PPS,CTU,A350,22.0,6.0,105.0,Cancelled,1,PPS_CTU,1,0,short
KE,CHM,SYD,B787,14.0,6.0,285.0,Delayed,1,CHM_SYD,1,0,long
AD,HND,BUD,A350,7.0,6.0,270.0,Delayed,1,HND_BUD,1,1,long
OK,GIG,PVG,B777,6.0,6.0,255.0,Cancelled,1,GIG_PVG,1,0,long
UA,ADD,YNY,A320,16.0,6.0,60.0,On Time,0,ADD_YNY,1,0,short
UU,MEX,KIM,A350,15.0,6.0,180.0,On Time,0,MEX_KIM,1,0,medium
JU,RPN,CAI,A350,19.0,6.0,150.0,Cancelled,1,RPN_CAI,1,1,medium
JJ,AYT,EWR,A320,21.0,6.0,240.0,Delayed,1,AYT_EWR,1,0,medium
CI,MED,DIR,B787,21.0,6.0,180.0,Delayed,1,MED_DIR,1,0,medium
G3,GRJ,MFK,B777,14.0,6.0,240.0,Scheduled,0,GRJ_MFK,1,0,medium
VY,LSC,BCD,A350,13.0,6.0,90.0,On Time,0,LSC_BCD,1,0,short
AV,RSU,PYO,A320,13.0,6.0,360.0,Scheduled,0,RSU_PYO,1,0,long
WF,PHL,ICN,B787,16.0,6.0,60.0,Delayed,1,PHL_ICN,1,0,short
SQ,NBE,ADZ,B787,22.0,6.0,165.0,Scheduled,0,NBE_ADZ,1,0,medium
BA,JUL,TPE,B787,23.0,6.0,150.0,Delayed,1,JUL_TPE,1,0,medium
PC,CAN,DMM,A350,8.0,6.0,405.0,Scheduled,0,CAN_DMM,1,1,long
XG,CYI,HTY,A350,20.0,6.0,330.0,Delayed,1,CYI_HTY,1,0,long
TS,TNG,JRS,B737,21.0,6.0,75.0,Scheduled,0,TNG_JRS,1,0,short
MP,BAQ,DPS,A320,18.0,6.0,240.0,On Time,0,BAQ_DPS,1,1,medium
FZ,CNX,DTW,A350,22.0,6.0,135.0,Cancelled,1,CNX_DTW,1,0,medium
IC,TNN,DVO,B737,17.0,6.0,180.0,Delayed,1,TNN_DVO,1,1,medium
TP,DJE,NGO,A350,11.0,6.0,300.0,Delayed,1,DJE_NGO,1,0,long
FR,CGK,MIA,A350,19.0,6.0,270.0,Cancelled,1,CGK_MIA,1,1,long
SW,LXR,CNF,A320,16.0,6.0,405.0,Cancelled,1,LXR_CNF,1,0,long
HC,EZE,CMN,B777,11.0,6.0,210.0,Delayed,1,EZE_CMN,1,0,medium
NK,RUH,LGA,A320,14.0,6.0,195.0,Cancelled,1,RUH_LGA,1,0,medium
JJ,JNB,MNL,A320,8.0,6.0,315.0,Delayed,1,JNB_MNL,1,1,long
G3,MZG,ELG,B777,17.0,6.0,165.0,Cancelled,1,MZG_ELG,1,1,medium
AY,AUH,GMP,B787,16.0,6.0,180.0,Scheduled,0,AUH_GMP,1,0,medium
LP,SCY,CTS,B737,23.0,6.0,90.0,Scheduled,0,SCY_CTS,1,0,short
LO,SSH,TTU,A320,9.0,6.0,75.0,Cancelled,1,SSH_TTU,1,1,short
VA,SHC,ZCO,B787,15.0,6.0,105.0,Delayed,1,SHC_ZCO,1,0,short
TG,FEZ,YHZ,A350,7.0,6.0,225.0,Cancelled,1,FEZ_YHZ,1,1,medium
MS,MLX,RPN,A350,6.0,6.0,270.0,On Time,0,MLX_RPN,1,0,long
W6,DMM,MED,B777,17.0,6.0,75.0,Cancelled,1,DMM_MED,1,1,short
U2,DFW,GMB,B777,23.0,6.0,270.0,Cancelled,1,DFW_GMB,1,0,long
KE,ZCO,PUQ,A320,9.0,6.0,270.0,Cancelled,1,ZCO_PUQ,1,1,long
F9,LIS,HFA,B787,11.0,6.0,405.0,On Time,0,LIS_HFA,1,0,long
AS,OUD,KRR,B737,10.0,6.0,240.0,Scheduled,0,OUD_KRR,1,0,medium
P5,IPC,CMN,B777,21.0,6.0,180.0,Delayed,1,IPC_CMN,1,0,medium
WN,CTG,ARN,B787,8.0,6.0,195.0,Cancelled,1,CTG_ARN,1,1,medium
LA,PPS,DXB,B777,9.0,6.0,150.0,Delayed,1,PPS_DXB,1,1,medium
6E,KHH,TCP,A320,0.0,0.0,360.0,Scheduled,0,KHH_TCP,1,0,long
PK,CTU,TAB,A350,23.0,6.0,300.0,Cancelled,1,CTU_TAB,1,0,long
F8,RMQ,EWR,B787,0.0,0.0,75.0,Scheduled,0,RMQ_EWR,1,0,short
XG,LAS,TAG,B777,7.0,6.0,195.0,Cancelled,1,LAS_TAG,1,1,medium
HV,GRJ,ARN,B737,17.0,6.0,150.0,Scheduled,0,GRJ_ARN,1,1,medium
TP,BOM,KUL,B787,15.0,6.0,300.0,On Time,0,BOM_KUL,1,0,long
JU,ILR,PVR,B737,19.0,6.0,210.0,Delayed,1,ILR_PVR,1,1,medium
MH,IBA,AHB,B787,19.0,6.0,345.0,Delayed,1,IBA_AHB,1,1,long
QR,SVO,DME,B787,10.0,6.0,135.0,Scheduled,0,SVO_DME,1,0,medium
SV,LIM,KAN,A320,21.0,6.0,150.0,Scheduled,0,LIM_KAN,1,0,medium
SA,DME,FOR,A350,6.0,6.0,135.0,Delayed,1,DME_FOR,1,0,medium
NH,RMF,ILO,B737,6.0,6.0,330.0,Delayed,1,RMF_ILO,1,0,long
RO,LTX,CYI,B737,21.0,6.0,135.0,Cancelled,1,LTX_CYI,1,0,medium
I5,XMS,HFA,B737,22.0,6.0,330.0,On Time,0,XMS_HFA,1,0,long
WS,ROT,LED,A350,17.0,6.0,165.0,Cancelled,1,ROT_LED,1,1,medium
CX,NQN,TAG,A350,10.0,6.0,75.0,Scheduled,0,NQN_TAG,1,0,short
YM,SAW,AUH,B777,8.0,6.0,195.0,Delayed,1,SAW_AUH,1,1,medium
IB,TCQ,BGW,A320,21.0,6.0,375.0,Cancelled,1,TCQ_BGW,1,0,long
JL,CUC,PLZ,B787,12.0,6.0,285.0,Delayed,1,CUC_PLZ,1,0,long
TP,PPS,YHZ,B737,23.0,6.0,390.0,Cancelled,1,PPS_YHZ,1,0,long
AZ,ETM,KMI,B787,12.0,6.0,405.0,Delayed,1,ETM_KMI,1,0,long
QF,XNH,YQB,B777,0.0,0.0,300.0,Cancelled,1,XNH_YQB,1,0,long
FD,AYP,AQP,A350,18.0,6.0,405.0,Scheduled,0,AYP_AQP,1,1,long
FD,COR,NPE,B737,20.0,6.0,360.0,Delayed,1,COR_NPE,1,0,long
OK,SZX,ERH,A320,20.0,6.0,360.0,Cancelled,1,SZX_ERH,1,0,long
TP,LXR,TAB,A320,9.0,6.0,75.0,Scheduled,0,LXR_TAB,1,1,short
I5,PIU,KMI,A350,22.0,6.0,285.0,Cancelled,1,PIU_KMI,1,0,long
WN,CUC,SLL,A320,14.0,6.0,120.0,Delayed,1,CUC_SLL,1,0,short
PX,BRC,XMS,B737,12.0,6.0,300.0,On Time,0,BRC_XMS,1,0,long
SY,EMY,CAI,B737,14.0,6.0,195.0,Scheduled,0,EMY_CAI,1,0,medium
DJ,GRJ,BOS,A350,9.0,6.0,300.0,Scheduled,0,GRJ_BOS,1,1,long
UK,JUL,GDQ,A350,18.0,6.0,195.0,Cancelled,1,JUL_GDQ,1,1,medium
HV,MEX,DMK,A320,14.0,6.0,345.0,Delayed,1,MEX_DMK,1,0,long
F9,CAN,MEL,B777,17.0,6.0,225.0,Delayed,1,CAN_MEL,1,1,medium
W6,TAE,GZT,A350,8.0,6.0,165.0,Scheduled,0,TAE_GZT,1,1,medium
SV,GMB,WCA,A350,11.0,6.0,135.0,Scheduled,0,GMB_WCA,1,0,medium
OK,HMO,CJU,A350,0.0,0.0,330.0,On Time,0,HMO_CJU,1,0,long
SQ,WLG,OCC,A350,11.0,6.0,315.0,Scheduled,0,WLG_OCC,1,0,long
PC,XMN,WAW,A320,12.0,6.0,345.0,Scheduled,0,XMN_WAW,1,0,long
AI,PPS,IQT,A350,8.0,6.0,270.0,Cancelled,1,PPS_IQT,1,1,long
EY,ADL,NKG,B777,8.0,6.0,405.0,Delayed,1,ADL_NKG,1,1,long
AF,ZCO,AKL,B777,17.0,6.0,120.0,Cancelled,1,ZCO_AKL,1,1,short
VJ,IVC,CDG,A320,9.0,6.0,180.0,Delayed,1,IVC_CDG,1,1,medium
UU,AGA,NPL,B737,14.0,6.0,135.0,Scheduled,0,AGA_NPL,1,0,medium
P5,PNQ,IGR,A350,16.0,6.0,375.0,Delayed,1,PNQ_IGR,1,0,long
RJ,DLM,OCC,B787,22.0,6.0,360.0,Delayed,1,DLM_OCC,1,0,long
FR,LST,GRJ,B737,15.0,6.0,75.0,On Time,0,LST_GRJ,1,0,short
MP,ROV,WCA,B777,8.0,6.0,60.0,On Time,0,ROV_WCA,1,1,short
RO,LIM,COK,A320,9.0,6.0,360.0,On Time,0,LIM_COK,1,1,long
QR,RUH,CUN,A320,19.0,6.0,120.0,Delayed,1,RUH_CUN,1,1,short
OS,NPL,CNF,A350,6.0,6.0,270.0,Delayed,1,NPL_CNF,1,0,long
OZ,FEZ,NPL,B777,8.0,6.0,135.0,Scheduled,0,FEZ_NPL,1,1,medium
I5,AUH,NJF,B777,21.0,6.0,105.0,Cancelled,1,AUH_NJF,1,0,short
ME,LXR,DPS,B787,12.0,6.0,360.0,On Time,0,LXR_DPS,1,0,long
VY,TSN,SFO,A320,19.0,6.0,180.0,Cancelled,1,TSN_SFO,1,1,medium
PC,CAI,HRG,A350,6.0,6.0,120.0,On Time,0,CAI_HRG,1,0,short
SY,KZN,WLG,B777,17.0,6.0,75.0,Scheduled,0,KZN_WLG,1,1,short
MP,REC,HFA,A350,10.0,6.0,165.0,Cancelled,1,REC_HFA,1,0,medium
FR,YHZ,ICN,B737,21.0,6.0,300.0,On Time,0,YHZ_ICN,1,0,long
BR,OUD,TUN,A350,6.0,6.0,165.0,Delayed,1,OUD_TUN,1,0,medium
SK,ASW,CJU,A320,15.0,6.0,60.0,Delayed,1,ASW_CJU,1,0,short
AA,TLV,BRU,B737,14.0,6.0,300.0,Delayed,1,TLV_BRU,1,0,long
SY,CGK,XNH,B787,14.0,6.0,240.0,Cancelled,1,CGK_XNH,1,0,medium
VJ,EZE,GDQ,B787,8.0,6.0,180.0,Scheduled,0,EZE_GDQ,1,1,medium
D8,HEL,MQP,B777,10.0,6.0,120.0,Scheduled,0,HEL_MQP,1,0,short
MP,SJD,SZX,A350,8.0,6.0,315.0,Cancelled,1,SJD_SZX,1,1,long
AC,EIL,BFN,B737,11.0,6.0,60.0,Delayed,1,EIL_BFN,1,0,short
HC,HMO,SSA,B777,15.0,6.0,405.0,On Time,0,HMO_SSA,1,0,long
AI,MLX,OSL,A350,11.0,6.0,165.0,Cancelled,1,MLX_OSL,1,0,medium
CX,CDG,ARN,B737,11.0,6.0,345.0,Scheduled,0,CDG_ARN,1,0,long
MP,CMN,GRJ,B787,22.0,6.0,345.0,Delayed,1,CMN_GRJ,1,0,long
MP,UIO,LED,A350,6.0,6.0,360.0,Scheduled,0,UIO_LED,1,0,long
SW,HKT,SLL,B787,18.0,6.0,405.0,Scheduled,0,HKT_SLL,1,1,long
W5,GIG,ATF,A350,10.0,6.0,405.0,On Time,0,GIG_ATF,1,0,long
MS,CTS,COR,A320,22.0,6.0,360.0,Delayed,1,CTS_COR,1,0,long
SB,BGW,CDG,A320,9.0,6.0,255.0,Cancelled,1,BGW_CDG,1,1,long
NZ,MSP,RPN,B777,22.0,6.0,255.0,On Time,0,MSP_RPN,1,0,long
SJ,MCO,DWC,B787,10.0,6.0,105.0,Cancelled,1,MCO_DWC,1,0,short
TT,SCY,SIN,B777,18.0,6.0,360.0,Delayed,1,SCY_SIN,1,1,long
JL,NPE,KUL,A350,17.0,6.0,195.0,Cancelled,1,NPE_KUL,1,1,medium
JL,GPS,HYD,B737,21.0,6.0,375.0,Delayed,1,GPS_HYD,1,0,long
ZX,ATF,YEG,B777,23.0,6.0,120.0,Delayed,1,ATF_YEG,1,0,short
AZ,YYC,RMF,A320,16.0,6.0,165.0,Delayed,1,YYC_RMF,1,0,medium
I5,JUJ,CHM,A320,0.0,0.0,360.0,Delayed,1,JUJ_CHM,1,0,long
FJ,FRA,OUD,B777,7.0,6.0,150.0,Scheduled,0,FRA_OUD,1,1,medium
BT,TSN,KSW,B787,13.0,6.0,225.0,Cancelled,1,TSN_KSW,1,0,medium
PD,MED,EZE,A350,14.0,6.0,240.0,Delayed,1,MED_EZE,1,0,medium
IC,MUC,TCP,A350,21.0,6.0,390.0,On Time,0,MUC_TCP,1,0,long
AV,CAI,ADL,A320,16.0,6.0,135.0,Scheduled,0,CAI_ADL,1,0,medium
SJ,YYZ,RUH,A320,12.0,6.0,330.0,Cancelled,1,YYZ_RUH,1,0,long
ME,PHL,ENU,B737,10.0,6.0,150.0,Cancelled,1,PHL_ENU,1,0,medium
FZ,GDL,EMY,B777,6.0,6.0,150.0,Delayed,1,GDL_EMY,1,0,medium
MH,WJU,CWB,B777,6.0,6.0,60.0,Scheduled,0,WJU_CWB,1,0,short
BT,UIO,OCC,B787,0.0,0.0,90.0,Delayed,1,UIO_OCC,1,0,short
AF,LED,LGA,A320,16.0,6.0,90.0,Scheduled,0,LED_LGA,1,0,short
QZ,GDQ,JIJ,A320,11.0,6.0,195.0,Cancelled,1,GDQ_JIJ,1,0,medium
IR,BRC,ZAL,A320,21.0,6.0,285.0,On Time,0,BRC_ZAL,1,0,long
MH,JIJ,SSH,B777,12.0,6.0,210.0,Delayed,1,JIJ_SSH,1,0,medium
VN,TZX,RSU,B777,9.0,6.0,120.0,Scheduled,0,TZX_RSU,1,1,short
TT,SYD,AEP,A350,6.0,6.0,150.0,Delayed,1,SYD_AEP,1,0,medium
UK,ICN,ASW,A350,16.0,6.0,60.0,Cancelled,1,ICN_ASW,1,0,short
SY,SCL,MTZ,B787,15.0,6.0,300.0,Scheduled,0,SCL_MTZ,1,0,long
LA,CAN,PMC,B777,16.0,6.0,135.0,Cancelled,1,CAN_PMC,1,0,medium
ME,DMM,CNX,A320,19.0,6.0,270.0,On Time,0,DMM_CNX,1,1,long
VN,COR,CPT,A320,18.0,6.0,405.0,Delayed,1,COR_CPT,1,1,long
AI,DFW,TLV,B777,11.0,6.0,330.0,Cancelled,1,DFW_TLV,1,0,long
WN,BGA,OSL,B787,15.0,6.0,225.0,Scheduled,0,BGA_OSL,1,0,medium
DJ,AMD,CAI,A350,9.0,6.0,300.0,Cancelled,1,AMD_CAI,1,1,long
AI,MLX,SZX,B787,7.0,6.0,210.0,Delayed,1,MLX_SZX,1,1,medium
AF,AMD,DIR,A320,19.0,6.0,225.0,Scheduled,0,AMD_DIR,1,1,medium
JQ,ADB,CTG,A350,15.0,6.0,165.0,On Time,0,ADB_CTG,1,0,medium
XG,IBA,ZAL,B777,7.0,6.0,60.0,On Time,0,IBA_ZAL,1,1,short
PK,DEL,AMD,B787,17.0,6.0,150.0,Scheduled,0,DEL_AMD,1,1,medium
WJ,BKK,DUD,A350,20.0,6.0,225.0,Delayed,1,BKK_DUD,1,0,medium
HC,JIJ,FUK,B737,14.0,6.0,285.0,Cancelled,1,JIJ_FUK,1,0,long
U2,RMF,SIN,B787,6.0,6.0,60.0,Cancelled,1,RMF_SIN,1,0,short
SV,SJD,SSA,A350,10.0,6.0,225.0,Delayed,1,SJD_SSA,1,0,medium
SJ,AUH,MFM,A320,13.0,6.0,300.0,On Time,0,AUH_MFM,1,0,long
BL,MQX,SFO,A320,9.0,6.0,405.0,Scheduled,0,MQX_SFO,1,1,long
AS,TAG,TTT,B787,12.0,6.0,405.0,Cancelled,1,TAG_TTT,1,0,long
P5,LTX,UFA,A320,8.0,6.0,360.0,On Time,0,LTX_UFA,1,1,long
SW,ICN,ATF,B787,13.0,6.0,345.0,Scheduled,0,ICN_ATF,1,0,long
JQ,UFA,BOM,B787,16.0,6.0,150.0,Delayed,1,UFA_BOM,1,0,medium
WJ,YYZ,FCO,A350,23.0,6.0,285.0,On Time,0,YYZ_FCO,1,0,long
JJ,GRU,GMB,A320,18.0,6.0,225.0,On Time,0,GRU_GMB,1,1,medium
MH,BUD,YOW,B737,14.0,6.0,360.0,Scheduled,0,BUD_YOW,1,0,long
LO,CAN,ELG,B787,11.0,6.0,120.0,Delayed,1,CAN_ELG,1,0,short
VJ,SIN,WCA,B787,10.0,6.0,210.0,On Time,0,SIN_WCA,1,0,medium
PD,BGW,DTW,A350,18.0,6.0,225.0,Delayed,1,BGW_DTW,1,1,medium
HC,FCO,MDE,B787,21.0,6.0,285.0,Cancelled,1,FCO_MDE,1,0,long
SV,ELS,PNQ,A350,23.0,6.0,390.0,Delayed,1,ELS_PNQ,1,0,long
HV,CGK,KRR,B737,12.0,6.0,285.0,On Time,0,CGK_KRR,1,0,long
UA,AUH,YHZ,A350,0.0,0.0,270.0,Scheduled,0,AUH_YHZ,1,0,long
DT,SCL,TAE,B787,21.0,6.0,225.0,Scheduled,0,SCL_TAE,1,0,medium
GA,AUH,MFK,B787,0.0,0.0,345.0,On Time,0,AUH_MFK,1,0,long
DL,CNS,SLA,A350,8.0,6.0,240.0,On Time,0,CNS_SLA,1,1,medium
SJ,TLV,EWR,A320,16.0,6.0,195.0,Cancelled,1,TLV_EWR,1,0,medium
PX,YHM,LHR,B787,21.0,6.0,390.0,Cancelled,1,YHM_LHR,1,0,long
GF,ATH,DPS,B737,19.0,6.0,180.0,On Time,0,ATH_DPS,1,1,medium
NH,OSM,CMN,B737,17.0,6.0,240.0,On Time,0,OSM_CMN,1,1,medium
PC,HDS,IGR,B737,9.0,6.0,180.0,Cancelled,1,HDS_IGR,1,1,medium
JU,RMF,CUC,A350,0.0,0.0,405.0,Scheduled,0,RMF_CUC,1,0,long
BT,ETM,FEZ,A350,7.0,6.0,240.0,Cancelled,1,ETM_FEZ,1,1,medium
FJ,BKK,HKG,B737,21.0,6.0,225.0,Delayed,1,BKK_HKG,1,0,medium
FD,CGY,RPN,B737,0.0,0.0,360.0,Cancelled,1,CGY_RPN,1,0,long
MP,DUR,ATH,A350,16.0,6.0,240.0,Scheduled,0,DUR_ATH,1,0,medium
UA,JUJ,DWC,B737,22.0,6.0,105.0,Scheduled,0,JUJ_DWC,1,0,short
GA,CUN,TNG,B777,19.0,6.0,405.0,Scheduled,0,CUN_TNG,1,1,long
I5,KMG,GIG,B777,10.0,6.0,60.0,Delayed,1,KMG_GIG,1,0,short
UK,JUL,SCY,A320,14.0,6.0,225.0,Scheduled,0,JUL_SCY,1,0,medium
BA,IST,KUL,B787,16.0,6.0,60.0,On Time,0,IST_KUL,1,0,short
G3,DRW,CJU,B737,15.0,6.0,90.0,On Time,0,DRW_CJU,1,0,short
6E,MUC,CNF,B777,22.0,6.0,375.0,Cancelled,1,MUC_CNF,1,0,long
AI,CUE,EMY,B737,14.0,6.0,390.0,Delayed,1,CUE_EMY,1,0,long
F9,MEX,MUH,B737,15.0,6.0,360.0,Scheduled,0,MEX_MUH,1,0,long
P5,RSU,DRW,B737,7.0,6.0,390.0,On Time,0,RSU_DRW,1,1,long
WF,BNE,SVO,A350,11.0,6.0,60.0,Cancelled,1,BNE_SVO,1,0,short
MH,DOH,DMK,A320,22.0,6.0,285.0,Cancelled,1,DOH_DMK,1,0,long
QR,HIJ,HTY,B737,18.0,6.0,390.0,Scheduled,0,HIJ_HTY,1,1,long
LA,LGA,RMF,A350,7.0,6.0,75.0,Scheduled,0,LGA_RMF,1,1,short
QR,MIR,BLR,B787,6.0,6.0,90.0,Delayed,1,MIR_BLR,1,0,short
NZ,TTT,KIX,B777,23.0,6.0,150.0,Delayed,1,TTT_KIX,1,0,medium
FZ,GDL,TUN,A350,6.0,6.0,405.0,Scheduled,0,GDL_TUN,1,0,long
WJ,REC,SYD,B777,17.0,6.0,375.0,Cancelled,1,REC_SYD,1,1,long
KL,KAN,RPN,B787,20.0,6.0,225.0,Scheduled,0,KAN_RPN,1,0,medium
TG,KMI,MDZ,B737,12.0,6.0,390.0,Scheduled,0,KMI_MDZ,1,0,long
SJ,EBL,ILR,A350,14.0,6.0,240.0,Delayed,1,EBL_ILR,1,0,medium
VN,COR,BGA,A350,15.0,6.0,405.0,Scheduled,0,COR_BGA,1,0,long
SK,CBQ,GRU,B737,10.0,6.0,240.0,Cancelled,1,CBQ_GRU,1,0,medium
HV,SCY,EBL,B787,15.0,6.0,105.0,Scheduled,0,SCY_EBL,1,0,short
SQ,SIN,MIR,A320,6.0,6.0,150.0,On Time,0,SIN_MIR,1,0,medium
TT,GMB,AMM,A320,6.0,6.0,195.0,Cancelled,1,GMB_AMM,1,0,medium
BA,KIM,SFA,B777,21.0,6.0,330.0,Cancelled,1,KIM_SFA,1,0,long
UK,AMD,SVO,A320,8.0,6.0,120.0,Cancelled,1,AMD_SVO,1,1,short
RO,CUE,LOS,B787,21.0,6.0,360.0,Cancelled,1,CUE_LOS,1,0,long
AT,PRG,RAK,B737,22.0,6.0,300.0,Scheduled,0,PRG_RAK,1,0,long
IB,CJC,IBA,B737,19.0,6.0,90.0,Cancelled,1,CJC_IBA,1,1,short
ME,CGH,MLX,B787,8.0,6.0,75.0,On Time,0,CGH_MLX,1,1,short
WF,ICN,LXR,B737,20.0,6.0,180.0,Cancelled,1,ICN_LXR,1,0,medium
AF,IPC,OUD,B777,22.0,6.0,330.0,Cancelled,1,IPC_OUD,1,0,long
EY,PMR,WLG,B777,13.0,6.0,360.0,On Time,0,PMR_WLG,1,0,long
OK,PYO,IKT,A320,11.0,6.0,135.0,Scheduled,0,PYO_IKT,1,0,medium
IX,JNB,SVO,B777,0.0,0.0,270.0,Cancelled,1,JNB_SVO,1,0,long
QZ,LGA,EMY,A320,17.0,6.0,330.0,Cancelled,1,LGA_EMY,1,1,long
KL,ILR,BJR,A320,7.0,6.0,165.0,Delayed,1,ILR_BJR,1,1,medium
XG,JRS,ERH,A320,6.0,6.0,285.0,Cancelled,1,JRS_ERH,1,0,long
BT,XMS,BOM,B737,6.0,6.0,165.0,Cancelled,1,XMS_BOM,1,0,medium
DL,IVC,MIA,B777,14.0,6.0,330.0,Delayed,1,IVC_MIA,1,0,long
AF,GRU,AWA,B737,13.0,6.0,180.0,Delayed,1,GRU_AWA,1,0,medium
F9,KAN,HGH,A350,15.0,6.0,90.0,Scheduled,0,KAN_HGH,1,0,short
G4,GOI,CAI,A350,19.0,6.0,315.0,On Time,0,GOI_CAI,1,1,long
MS,WLG,JIJ,B737,19.0,6.0,195.0,Scheduled,0,WLG_JIJ,1,1,medium
ZX,CAN,MDZ,A320,21.0,6.0,225.0,On Time,0,CAN_MDZ,1,0,medium
VA,TZX,BGW,A350,17.0,6.0,255.0,Scheduled,0,TZX_BGW,1,1,long
KL,HKG,TSN,B777,21.0,6.0,405.0,On Time,0,HKG_TSN,1,0,long
G4,MZG,DWC,B787,9.0,6.0,285.0,On Time,0,MZG_DWC,1,1,long
AT,OGL,HYD,B777,10.0,6.0,75.0,Scheduled,0,OGL_HYD,1,0,short
NK,TUN,MDZ,B787,6.0,6.0,330.0,On Time,0,TUN_MDZ,1,0,long
ZX,FRA,IAD,B777,11.0,6.0,240.0,Delayed,1,FRA_IAD,1,0,medium
AZ,CJC,BSB,B737,21.0,6.0,315.0,Scheduled,0,CJC_BSB,1,0,long
SQ,LSC,EWR,B777,12.0,6.0,120.0,Scheduled,0,LSC_EWR,1,0,short
IR,ILR,CJU,B777,14.0,6.0,165.0,On Time,0,ILR_CJU,1,0,medium
AA,CLO,PVR,B787,14.0,6.0,180.0,On Time,0,CLO_PVR,1,0,medium
LH,IBA,ORD,B737,19.0,6.0,345.0,Scheduled,0,IBA_ORD,1,1,long
QR,BRC,OSM,A320,16.0,6.0,210.0,Delayed,1,BRC_OSM,1,0,medium
JU,ROV,TRU,B737,17.0,6.0,390.0,Scheduled,0,ROV_TRU,1,1,long
PX,CHM,LGA,A350,11.0,6.0,330.0,Delayed,1,CHM_LGA,1,0,long
SV,TCP,BGA,B737,16.0,6.0,90.0,On Time,0,TCP_BGA,1,0,short
HC,CLO,TUU,B777,16.0,6.0,285.0,Cancelled,1,CLO_TUU,1,0,long
MP,YHZ,ATF,A350,10.0,6.0,270.0,Scheduled,0,YHZ_ATF,1,0,long
IB,CBQ,ORD,A320,7.0,6.0,225.0,Cancelled,1,CBQ_ORD,1,1,medium
AZ,CPT,NPE,B787,8.0,6.0,75.0,Delayed,1,CPT_NPE,1,1,short
TT,YVR,MQP,A350,23.0,6.0,360.0,Delayed,1,YVR_MQP,1,0,long
TS,BCD,KSW,A320,20.0,6.0,75.0,Scheduled,0,BCD_KSW,1,0,short
PD,CPH,USN,A320,17.0,6.0,180.0,On Time,0,CPH_USN,1,1,medium
BA,PUS,RPN,A350,11.0,6.0,300.0,Cancelled,1,PUS_RPN,1,0,long
AY,HMO,DIR,B787,10.0,6.0,375.0,Delayed,1,HMO_DIR,1,0,long
G4,GYE,HIJ,A320,21.0,6.0,405.0,On Time,0,GYE_HIJ,1,0,long
PD,RMQ,MQP,A350,7.0,6.0,90.0,Cancelled,1,RMQ_MQP,1,1,short
VJ,CHC,SHC,B777,23.0,6.0,270.0,Delayed,1,CHC_SHC,1,0,long
KL,WJU,CUZ,B777,20.0,6.0,285.0,Cancelled,1,WJU_CUZ,1,0,long
BT,FTE,REC,B787,0.0,0.0,300.0,Scheduled,0,FTE_REC,1,0,long
SV,OCC,CUE,B787,16.0,6.0,315.0,On Time,0,OCC_CUE,1,0,long
VA,CAI,TCQ,A350,9.0,6.0,270.0,Cancelled,1,CAI_TCQ,1,1,long
W6,YHZ,GMB,A350,8.0,6.0,60.0,Cancelled,1,YHZ_GMB,1,1,short
DT,SIN,YVR,B777,20.0,6.0,375.0,Scheduled,0,SIN_YVR,1,0,long
UU,SSA,RAK,B737,21.0,6.0,255.0,Cancelled,1,SSA_RAK,1,0,long
JJ,EWR,JED,B777,6.0,6.0,120.0,On Time,0,EWR_JED,1,0,short
PK,SLL,CPT,A320,21.0,6.0,375.0,On Time,0,SLL_CPT,1,0,long
QR,XMS,HKT,B737,16.0,6.0,150.0,Cancelled,1,XMS_HKT,1,0,medium
FJ,AUH,LIM,B777,0.0,0.0,285.0,Cancelled,1,AUH_LIM,1,0,long
G3,TZX,ATF,B777,22.0,6.0,195.0,Delayed,1,TZX_ATF,1,0,medium
PD,VIE,YWG,A350,12.0,6.0,285.0,Cancelled,1,VIE_YWG,1,0,long
AV,YOW,BOG,B737,0.0,0.0,255.0,Scheduled,0,YOW_BOG,1,0,long
MS,OTP,LSC,A350,10.0,6.0,390.0,Delayed,1,OTP_LSC,1,0,long
LA,FUK,SEA,B787,15.0,6.0,120.0,Cancelled,1,FUK_SEA,1,0,short
IC,PNQ,JOS,B777,0.0,0.0,210.0,Delayed,1,PNQ_JOS,1,0,medium
F8,GRU,KSW,B737,18.0,6.0,120.0,Delayed,1,GRU_KSW,1,1,short
SJ,TPE,ASW,A350,8.0,6.0,390.0,On Time,0,TPE_ASW,1,1,long
WN,DUD,DMK,A350,12.0,6.0,120.0,Cancelled,1,DUD_DMK,1,0,short
MS,WCA,AMD,A350,19.0,6.0,285.0,Scheduled,0,WCA_AMD,1,1,long
W5,UIO,ZUR,B787,13.0,6.0,135.0,On Time,0,UIO_ZUR,1,0,medium
SB,PIU,CGH,B787,6.0,6.0,255.0,Delayed,1,PIU_CGH,1,0,long
AD,BCD,LLI,A320,8.0,6.0,105.0,Delayed,1,BCD_LLI,1,1,short
BR,KWJ,EMY,A320,11.0,6.0,315.0,Delayed,1,KWJ_EMY,1,0,long
VN,SYD,BJR,A350,16.0,6.0,210.0,Cancelled,1,SYD_BJR,1,0,medium
TS,MTY,GMB,B787,6.0,6.0,405.0,On Time,0,MTY_GMB,1,0,long
AZ,DOH,TNG,B737,12.0,6.0,120.0,Scheduled,0,DOH_TNG,1,0,short
WG,IPC,SFS,A350,6.0,6.0,375.0,Cancelled,1,IPC_SFS,1,0,long
CI,EBM,TUU,B787,20.0,6.0,375.0,Cancelled,1,EBM_TUU,1,0,long
AA,FTE,MIR,B737,17.0,6.0,300.0,Cancelled,1,FTE_MIR,1,1,long
FZ,AXM,CAI,A350,14.0,6.0,165.0,Scheduled,0,AXM_CAI,1,0,medium
B6,YWG,CAN,A350,18.0,6.0,270.0,On Time,0,YWG_CAN,1,1,long
MP,TOE,LHR,B777,18.0,6.0,150.0,Scheduled,0,TOE_LHR,1,1,medium
WN,AMS,EIL,B777,22.0,6.0,165.0,Cancelled,1,AMS_EIL,1,0,medium
FD,KMG,ELS,B777,10.0,6.0,120.0,Scheduled,0,KMG_ELS,1,0,short
KL,CWB,CUC,A320,12.0,6.0,210.0,On Time,0,CWB_CUC,1,0,medium
G3,CAI,ADD,B737,8.0,6.0,285.0,Delayed,1,CAI_ADD,1,1,long
ZX,KIM,ANF,B777,14.0,6.0,180.0,Delayed,1,KIM_ANF,1,0,medium
UU,GPS,SLL,B737,6.0,6.0,345.0,Cancelled,1,GPS_SLL,1,0,long
SB,XMS,MDE,B787,0.0,0.0,300.0,Delayed,1,XMS_MDE,1,0,long
U2,HEL,WAW,A350,8.0,6.0,195.0,Cancelled,1,HEL_WAW,1,1,medium
SW,KIX,YVR,B737,15.0,6.0,135.0,Scheduled,0,KIX_YVR,1,0,medium
PD,RMQ,HUN,B787,0.0,0.0,360.0,On Time,0,RMQ_HUN,1,0,long
QF,DEN,HRG,B777,15.0,6.0,135.0,On Time,0,DEN_HRG,1,0,medium
PC,SJD,NKG,A350,0.0,0.0,105.0,Scheduled,0,SJD_NKG,1,0,short
OZ,ATH,MED,B737,20.0,6.0,120.0,On Time,0,ATH_MED,1,0,short
WJ,OSM,ORD,A320,8.0,6.0,405.0,On Time,0,OSM_ORD,1,1,long
F8,RPN,DXB,B737,8.0,6.0,75.0,On Time,0,RPN_DXB,1,1,short
JQ,XMN,TOE,B737,7.0,6.0,390.0,On Time,0,XMN_TOE,1,1,long
JJ,NPE,ILR,A320,14.0,6.0,120.0,On Time,0,NPE_ILR,1,0,short
F8,LIM,SHC,A320,6.0,6.0,315.0,Cancelled,1,LIM_SHC,1,0,long
AI,HND,TAB,B777,23.0,6.0,360.0,Cancelled,1,HND_TAB,1,0,long
B6,CAI,GRU,B787,9.0,6.0,195.0,Scheduled,0,CAI_GRU,1,1,medium
TP,CHC,HBA,A320,14.0,6.0,135.0,Cancelled,1,CHC_HBA,1,0,medium
HC,XMN,FUK,B737,23.0,6.0,210.0,Delayed,1,XMN_FUK,1,0,medium
SQ,SDU,MUH,B787,10.0,6.0,345.0,Delayed,1,SDU_MUH,1,0,long
DT,IPC,EBL,B777,12.0,6.0,210.0,Scheduled,0,IPC_EBL,1,0,medium
VA,PUS,MDZ,B737,6.0,6.0,375.0,Scheduled,0,PUS_MDZ,1,0,long
SQ,PUS,BRC,A320,8.0,6.0,315.0,On Time,0,PUS_BRC,1,1,long
SY,ARN,YUL,B787,9.0,6.0,120.0,Scheduled,0,ARN_YUL,1,1,short
WS,TTT,HUN,B787,14.0,6.0,330.0,On Time,0,TTT_HUN,1,0,long
WF,VOG,FEZ,B737,6.0,6.0,135.0,Delayed,1,VOG_FEZ,1,0,medium
P5,NGO,VDA,A350,6.0,6.0,330.0,Cancelled,1,NGO_VDA,1,0,long
KE,ATH,CPH,B787,20.0,6.0,90.0,Cancelled,1,ATH_CPH,1,0,short
TT,IBA,RMF,A320,16.0,6.0,345.0,Delayed,1,IBA_RMF,1,0,long
U2,KUL,PUS,B737,22.0,6.0,210.0,Delayed,1,KUL_PUS,1,0,medium
QZ,RSU,NJF,B787,8.0,6.0,240.0,Scheduled,0,RSU_NJF,1,1,medium
BL,EUN,BSB,A350,9.0,6.0,330.0,Scheduled,0,EUN_BSB,1,1,long
RO,JUL,OTP,B787,0.0,0.0,135.0,Delayed,1,JUL_OTP,1,0,medium
LO,CUC,OCC,B777,17.0,6.0,255.0,Delayed,1,CUC_OCC,1,1,long
CX,OKA,CHC,B787,14.0,6.0,135.0,On Time,0,OKA_CHC,1,0,medium
VY,YWG,SAW,B787,10.0,6.0,360.0,On Time,0,YWG_SAW,1,0,long
OZ,CMN,BCD,A350,13.0,6.0,120.0,Cancelled,1,CMN_BCD,1,0,short
AT,TNG,WAW,A350,17.0,6.0,390.0,Delayed,1,TNG_WAW,1,1,long
VJ,WCA,KHH,B777,8.0,6.0,300.0,Cancelled,1,WCA_KHH,1,1,long
RO,OKA,CPH,B787,16.0,6.0,195.0,Cancelled,1,OKA_CPH,1,0,medium
AF,CHM,TCQ,B787,9.0,6.0,330.0,Delayed,1,CHM_TCQ,1,1,long
SY,CNF,ZCO,A320,6.0,6.0,315.0,Delayed,1,CNF_ZCO,1,0,long
AR,XNH,ARN,A320,6.0,6.0,75.0,Scheduled,0,XNH_ARN,1,0,short
MS,SIN,SSH,B737,15.0,6.0,330.0,Cancelled,1,SIN_SSH,1,0,long
JU,DUR,BEV,B787,18.0,6.0,180.0,Cancelled,1,DUR_BEV,1,1,medium
XG,PHC,OTP,B737,18.0,6.0,90.0,Delayed,1,PHC_OTP,1,1,short
RO,GAE,RMF,A320,14.0,6.0,270.0,On Time,0,GAE_RMF,1,0,long
SJ,LTX,YUL,A320,12.0,6.0,105.0,Cancelled,1,LTX_YUL,1,0,short
CI,SVO,LST,B777,16.0,6.0,120.0,Scheduled,0,SVO_LST,1,0,short
MS,SJD,FOR,B737,18.0,6.0,120.0,Delayed,1,SJD_FOR,1,1,short
WG,NRT,HFA,B787,16.0,6.0,150.0,Scheduled,0,NRT_HFA,1,0,medium
RO,CRK,WCA,A350,12.0,6.0,225.0,Cancelled,1,CRK_WCA,1,0,medium
F8,MED,LST,B787,13.0,6.0,315.0,Delayed,1,MED_LST,1,0,long
DJ,TUN,AEP,A350,22.0,6.0,180.0,Delayed,1,TUN_AEP,1,0,medium
HC,CNF,YHZ,B737,16.0,6.0,255.0,Delayed,1,CNF_YHZ,1,0,long
XG,EUN,AYP,A350,0.0,0.0,75.0,Delayed,1,EUN_AYP,1,0,short
CM,IGR,LOS,A320,22.0,6.0,405.0,Delayed,1,IGR_LOS,1,0,long
TS,OVB,JOS,B787,15.0,6.0,345.0,On Time,0,OVB_JOS,1,0,long
JJ,RMF,CHM,A320,13.0,6.0,150.0,On Time,0,RMF_CHM,1,0,medium
RO,AQP,ADZ,B787,20.0,6.0,360.0,Delayed,1,AQP_ADZ,1,0,long
FR,BGW,NPL,A350,9.0,6.0,375.0,On Time,0,BGW_NPL,1,1,long
AI,SHC,PRG,A320,22.0,6.0,315.0,Cancelled,1,SHC_PRG,1,0,long
OK,SSA,LIM,A350,14.0,6.0,75.0,Delayed,1,SSA_LIM,1,0,short
OK,EWR,CAN,B777,18.0,6.0,240.0,Delayed,1,EWR_CAN,1,1,medium
KE,BAQ,HFA,A350,0.0,0.0,270.0,Scheduled,0,BAQ_HFA,1,0,long
SA,BAQ,REC,A320,19.0,6.0,270.0,Delayed,1,BAQ_REC,1,1,long
OK,YOW,ILR,A350,23.0,6.0,375.0,On Time,0,YOW_ILR,1,0,long
CM,LXR,BJR,A350,6.0,6.0,285.0,Cancelled,1,LXR_BJR,1,0,long
WG,ROV,BJV,B787,16.0,6.0,135.0,Cancelled,1,ROV_BJV,1,0,medium
F8,GNI,IPC,A320,22.0,6.0,300.0,On Time,0,GNI_IPC,1,0,long
AT,CPT,HFA,B787,11.0,6.0,240.0,Cancelled,1,CPT_HFA,1,0,medium
JJ,TAE,PMC,A350,15.0,6.0,330.0,Delayed,1,TAE_PMC,1,0,long
UA,ROV,GYE,A350,10.0,6.0,390.0,Scheduled,0,ROV_GYE,1,0,long
UK,BJX,SFS,B737,12.0,6.0,90.0,Cancelled,1,BJX_SFS,1,0,short
UK,RMQ,SFS,A320,17.0,6.0,330.0,Delayed,1,RMQ_SFS,1,1,long
EY,DEN,DFW,A350,8.0,6.0,300.0,Scheduled,0,DEN_DFW,1,1,long
AV,PHX,YOW,A320,19.0,6.0,300.0,Scheduled,0,PHX_YOW,1,1,long
I5,YQB,TZX,B737,0.0,0.0,195.0,Cancelled,1,YQB_TZX,1,0,medium
TK,BJX,HKG,B737,7.0,6.0,285.0,Scheduled,0,BJX_HKG,1,1,long
VA,DWC,WAW,B787,8.0,6.0,165.0,Delayed,1,DWC_WAW,1,1,medium
AI,NQN,TAG,B777,23.0,6.0,165.0,Delayed,1,NQN_TAG,1,0,medium
LP,TAK,CAI,B737,14.0,6.0,270.0,On Time,0,TAK_CAI,1,0,long
G3,PLZ,PRG,B777,14.0,6.0,405.0,On Time,0,PLZ_PRG,1,0,long
CX,PEK,GPS,B777,22.0,6.0,285.0,Scheduled,0,PEK_GPS,1,0,long
TS,WCA,KIM,A350,12.0,6.0,195.0,On Time,0,WCA_KIM,1,0,medium
IR,RMQ,TRU,B777,23.0,6.0,105.0,On Time,0,RMQ_TRU,1,0,short
MS,AUH,PVG,B737,14.0,6.0,90.0,Scheduled,0,AUH_PVG,1,0,short
KL,SFO,KUL,A350,18.0,6.0,135.0,On Time,0,SFO_KUL,1,1,medium
BR,COR,JUJ,B787,8.0,6.0,165.0,Delayed,1,COR_JUJ,1,1,medium
QZ,EMY,HND,B737,15.0,6.0,225.0,On Time,0,EMY_HND,1,0,medium
DL,SDU,DOH,B737,22.0,6.0,300.0,On Time,0,SDU_DOH,1,0,long
JL,ELS,CJC,A320,15.0,6.0,390.0,Cancelled,1,ELS_CJC,1,0,long
VA,HRG,MNL,B777,19.0,6.0,345.0,Delayed,1,HRG_MNL,1,1,long
CI,TCP,SFA,B737,21.0,6.0,375.0,On Time,0,TCP_SFA,1,0,long
LH,COR,PER,B737,9.0,6.0,315.0,Cancelled,1,COR_PER,1,1,long
LX,BJX,AGA,B777,15.0,6.0,180.0,On Time,0,BJX_AGA,1,0,medium
PC,BFN,TOE,B777,15.0,6.0,405.0,Delayed,1,BFN_TOE,1,0,long
VJ,EMY,MIA,B777,22.0,6.0,180.0,Delayed,1,EMY_MIA,1,0,medium
TT,YOW,IFN,B737,22.0,6.0,90.0,Delayed,1,YOW_IFN,1,0,short
WN,CYI,BJX,B787,0.0,0.0,150.0,Scheduled,0,CYI_BJX,1,0,medium
PC,RPN,PPS,A350,20.0,6.0,390.0,Scheduled,0,RPN_PPS,1,0,long
SJ,PHL,HYD,B737,22.0,6.0,180.0,On Time,0,PHL_HYD,1,0,medium
FJ,CUC,IKT,B787,15.0,6.0,390.0,Cancelled,1,CUC_IKT,1,0,long
ZX,DWC,TUN,B777,22.0,6.0,285.0,Cancelled,1,DWC_TUN,1,0,long
W5,WLG,AYP,A350,21.0,6.0,285.0,On Time,0,WLG_AYP,1,0,long
AT,CEB,EBL,A320,18.0,6.0,375.0,Delayed,1,CEB_EBL,1,1,long
BL,KIM,MUH,B737,10.0,6.0,150.0,Cancelled,1,KIM_MUH,1,0,medium
AZ,VOG,HMO,A320,22.0,6.0,210.0,On Time,0,VOG_HMO,1,0,medium
SA,SFO,AGA,B777,9.0,6.0,405.0,Scheduled,0,SFO_AGA,1,1,long
AS,LAS,JUL,B787,8.0,6.0,270.0,Delayed,1,LAS_JUL,1,1,long
QF,UIO,IST,B737,16.0,6.0,345.0,Delayed,1,UIO_IST,1,0,long
P5,TLV,BGW,A350,9.0,6.0,300.0,On Time,0,TLV_BGW,1,1,long
ZX,YNY,OSM,B787,11.0,6.0,195.0,Cancelled,1,YNY_OSM,1,0,medium
MS,IVC,EBL,B787,20.0,6.0,225.0,On Time,0,IVC_EBL,1,0,medium
PK,FOR,SSH,A350,9.0,6.0,330.0,On Time,0,FOR_SSH,1,1,long
WS,CTS,BUD,B777,18.0,6.0,375.0,On Time,0,CTS_BUD,1,1,long
QF,JUJ,TCP,B787,15.0,6.0,165.0,Scheduled,0,JUJ_TCP,1,0,medium
RJ,WJU,BGA,B787,9.0,6.0,165.0,On Time,0,WJU_BGA,1,1,medium
W6,LED,GPS,B737,19.0,6.0,330.0,On Time,0,LED_GPS,1,1,long
SK,SLA,BLR,B777,11.0,6.0,300.0,Cancelled,1,SLA_BLR,1,0,long
LO,GRJ,TTT,B787,10.0,6.0,285.0,Scheduled,0,GRJ_TTT,1,0,long
JJ,CNF,ADL,B777,15.0,6.0,180.0,Delayed,1,CNF_ADL,1,0,medium
WF,TAB,YNY,B787,19.0,6.0,105.0,Scheduled,0,TAB_YNY,1,1,short
PD,PYO,HRG,B777,15.0,6.0,60.0,Scheduled,0,PYO_HRG,1,0,short
U2,DLM,LLI,A350,9.0,6.0,255.0,Delayed,1,DLM_LLI,1,1,long
RO,CGH,ELG,A350,18.0,6.0,330.0,On Time,0,CGH_ELG,1,1,long
WG,BRC,ZCO,B737,20.0,6.0,255.0,Scheduled,0,BRC_ZCO,1,0,long
SN,GZT,AHB,A320,23.0,6.0,360.0,Scheduled,0,GZT_AHB,1,0,long
SQ,PUS,NPE,B787,13.0,6.0,90.0,Scheduled,0,PUS_NPE,1,0,short
VJ,KAN,PER,B777,19.0,6.0,315.0,On Time,0,KAN_PER,1,1,long
VY,SJD,HGH,B777,12.0,6.0,90.0,On Time,0,SJD_HGH,1,0,short
PD,CZM,DJE,A320,13.0,6.0,195.0,Cancelled,1,CZM_DJE,1,0,medium
6E,CWB,ETM,B787,0.0,0.0,120.0,Cancelled,1,CWB_ETM,1,0,short
NZ,DIR,ADB,B777,14.0,6.0,255.0,Delayed,1,DIR_ADB,1,0,long
B6,IBA,PMC,B737,13.0,6.0,165.0,On Time,0,IBA_PMC,1,0,medium
F8,REC,FTE,A320,9.0,6.0,300.0,Delayed,1,REC_FTE,1,1,long
UU,CMN,ERH,A350,22.0,6.0,105.0,On Time,0,CMN_ERH,1,0,short
OZ,HBA,OVB,B787,20.0,6.0,105.0,Cancelled,1,HBA_OVB,1,0,short
VJ,CAI,VDA,B777,12.0,6.0,390.0,Scheduled,0,CAI_VDA,1,0,long
MH,SCY,CJC,B787,20.0,6.0,210.0,On Time,0,SCY_CJC,1,0,medium
TD,KSW,AYP,B777,8.0,6.0,375.0,Delayed,1,KSW_AYP,1,1,long
PD,TNG,BOG,A320,0.0,0.0,255.0,On Time,0,TNG_BOG,1,0,long
NZ,CHC,YHZ,A350,12.0,6.0,330.0,On Time,0,CHC_YHZ,1,0,long
6E,OTP,PLZ,B737,22.0,6.0,360.0,Cancelled,1,OTP_PLZ,1,0,long
MS,DXB,ERH,A350,19.0,6.0,165.0,Delayed,1,DXB_ERH,1,1,medium
AC,YUL,KUL,B737,18.0,6.0,330.0,Delayed,1,YUL_KUL,1,1,long
TT,REC,BOM,A350,16.0,6.0,360.0,On Time,0,REC_BOM,1,0,long
XG,WAW,AKR,B737,9.0,6.0,390.0,Scheduled,0,WAW_AKR,1,1,long
WF,ILO,AQP,B737,21.0,6.0,105.0,On Time,0,ILO_AQP,1,0,short
LO,PLZ,CUC,B777,22.0,6.0,375.0,Cancelled,1,PLZ_CUC,1,0,long
TK,BCD,SCY,A320,20.0,6.0,240.0,Scheduled,0,BCD_SCY,1,0,medium
CI,MTY,TAB,B737,18.0,6.0,210.0,Scheduled,0,MTY_TAB,1,1,medium
HV,DMM,LLI,B777,8.0,6.0,180.0,Cancelled,1,DMM_LLI,1,1,medium
